f0,f1,f2,f3,f4,f5,f6,f7,f8,f9,f10,f11,f12,f13,f14,f15,f16,f17,f18,f19,f20,f21,f22,label
0.05404017306384459,0.05403553753504567,0.02020211252498758,0.02020211252498758,0.02697485830805088,0.02698217624853913,0.031051937405454633,0.031050640236344327,0.06830263309569869,0.06829915088657022,4.635528798924149e-06,0.05403785529944513,0.0,0.02020211252498758,-7.317940488249519e-06,0.026978517278295006,1.2971691103064176e-06,0.03105128882089948,3.4822091284636425e-06,0.06830089199113445,0.9997287824231181,0.6505910467402829,0.6506182257807192,NEGATIVE
0.0050858579255423225,0.005084020001266623,0.004040639406605607,0.004103484662649253,0.009657528324325808,0.009611012200881229,0.016173831462690892,0.01612868317896813,0.036249876967631045,0.03708349935407571,1.837924275699572e-06,0.005084938963404473,-6.28452560436461e-05,0.004072062034627431,4.651612344457913e-05,0.009634270262603519,4.514828372276236e-05,0.01615125732082951,-0.0008336223864446671,0.036666688160853375,1.0048398672260896,0.24982573801042804,0.2544215539281011,POSITIVE
0.017334939357635942,0.017330104666615987,0.006163915970609995,0.006163915970609995,0.012231261828233815,0.012238771325339314,0.019315193024180312,0.019313581041590124,0.03922587813243936,0.03922228739071994,4.834691019955234e-06,0.017332522012125963,0.0,0.006163915970609995,-7.509497105498419e-06,0.012235016576786564,1.6119825901883544e-06,0.019314387032885218,3.5907417194197544e-06,0.03922408276157965,0.9993864092363103,0.3191226684082961,0.31914930356113685,NEUTRAL
0.005154600458142351,0.005171001763490661,0.004166099280553214,0.004177172786842024,0.009686776535283024,0.009750235083937287,0.016529942007660798,0.01650048474979161,0.03713761512716034,0.036918035089201266,-1.6401305348310094e-05,0.005162801110816506,-1.107350628880982e-05,0.004171636033697619,-6.345854865426326e-05,0.009718505809610156,2.9457257869187903e-05,0.016515213378726204,0.00021958003795907038,0.0370278251081808,0.9934915776432957,0.2520335070394733,0.2531545481764906,NEUTRAL
0.017840253232036928,0.01783543357691961,0.016639214935833813,0.016639214935833813,0.024685328066190976,0.024692730321838427,0.029425407609783818,0.029423788543812477,0.05432501613022888,0.054321498014223785,4.819655117317689e-06,0.01783784340447827,0.0,0.016639214935833813,-7.402255647451228e-06,0.0246890291940147,1.6190659713408162e-06,0.029424598076798147,3.518116005095384e-06,0.054323257072226336,0.9997002212586055,0.5654710072309838,0.5655021226959795,POSITIVE
0.01822050096730234,0.01821575715324965,0.015474509210493675,0.015474509210493675,0.023195038130014153,0.023202430641885156,0.030591446271862194,0.030589813601734413,0.07149319341065605,0.07148980503227362,4.743814052687867e-06,0.018218129060275996,0.0,0.015474509210493675,-7.392511871002344e-06,0.023198734385949653,1.6326701277810662e-06,0.030590629936798303,3.3883783824295577e-06,0.07149149922146483,0.9996813863188196,0.5058443142043465,0.5058713126329464,POSITIVE
0.005178217035643597,0.005144976824447978,0.004148196082869382,0.004181479880929813,0.00971161076520487,0.009726076876801376,0.01654796777007074,0.01644103625095357,0.03697061365833966,0.037045167492594414,3.3240211195619505e-05,0.005161596930045788,-3.328379806043051e-05,0.0041648379818995974,-1.4466111596505779e-05,0.009718843821003124,0.00010693151911717047,0.016494502010512155,-7.455383425475359e-05,0.03700789057546704,0.9985126365305343,0.25067706895732866,0.2543318919605265,NEUTRAL
0.005132182737992454,0.005072693838443276,0.004110356148018219,0.00412863037590691,0.009640835605060908,0.009566065017991626,0.01625589512176389,0.01619072961974,0.03657628614177624,0.0363671681364804,5.9488899549178104e-05,0.005102438288217865,-1.8274227888690972e-05,0.004119493261962565,7.477058706928212e-05,0.009603450311526266,6.516550202389018e-05,0.016223312370751947,0.00020911800529584135,0.03647172713912832,1.0078162218369866,0.2528532628898314,0.25499964778444895,NEGATIVE
0.0683822107247432,0.06837795164542006,0.030670794341786295,0.030670794341786295,0.05040861876275979,0.05041574181247818,0.05389411727048886,0.05389295204218205,0.07745643449068779,0.07745308620228923,4.259079323137849e-06,0.06838008118508163,0.0,0.030670794341786295,-7.123049718393837e-06,0.050412180287618985,1.1652283068083746e-06,0.05389353465633545,3.348288398555277e-06,0.07745476034648852,0.9998587117942098,0.5690935456080202,0.5691058500723741,NEGATIVE
0.07880003088577246,0.07879559137390857,0.023960138216319697,0.023960138216319697,0.023417552636311924,0.023425043117123595,0.026382698040595443,0.026381417786431056,0.05089977810048199,0.05089628794210418,4.439511863893464e-06,0.07879781112984052,0.0,0.023960138216319697,-7.490480811670613e-06,0.02342129787671776,1.2802541643867904e-06,0.02638205791351325,3.490158377812691e-06,0.05089803302129309,0.9996802319320293,0.9081761876148626,0.9082202601643821,POSITIVE
0.01549967834150097,0.015494904147185788,0.010922502408662427,0.010922502408662427,0.016999958394021936,0.01700742666417685,0.023996118013306245,0.023994507853100592,0.04943176163922452,0.04942824182643576,4.774194315181057e-06,0.015497291244343379,0.0,0.010922502408662427,-7.468270154915857e-06,0.017003692529099394,1.6101602056534103e-06,0.02399531293320342,3.519812788760346e-06,0.04943000173283014,0.9995608759479918,0.4551778899023554,0.45520843478063533,NEUTRAL
0.03311428672459153,0.03310971071080486,0.017561688271512277,0.017561688271512277,0.027414444879864424,0.02742189622045208,0.032219003599734446,0.032217756475448084,0.06056434895189164,0.060560727394083635,4.576013786672384e-06,0.033111998717698196,0.0,0.017561688271512277,-7.451340587657368e-06,0.02741817055015825,1.2471242863618115e-06,0.03221838003759127,3.6215578080034394e-06,0.06056253817298764,0.9997282667653403,0.5450723565253206,0.5450934558520864,POSITIVE
0.0051253846555839346,0.005148571372764358,0.004172468552336153,0.004175675238178796,0.009737466318422629,0.009768245541332104,0.016431486092766446,0.016443792239264076,0.037058726095182355,0.036890343027410226,-2.318671718042325e-05,0.005136978014174147,-3.2066858426434836e-06,0.004174071895257475,-3.0779222909475476e-05,0.009752855929877367,-1.2306146497630122e-05,0.01643763916601526,0.0001683830677721293,0.03697453456129629,0.9968490429049778,0.25393129406474374,0.2539362667703011,NEUTRAL
0.005014102342880356,0.005007352512186535,0.004044448015962995,0.004011731180772435,0.009539708191998411,0.009625214828656949,0.015959341955668536,0.016053238879717747,0.03587791317993885,0.03600119951138932,6.74983069382136e-06,0.005010727427533446,3.2716835190559415e-05,0.004028089598367715,-8.550663665853747e-05,0.00958246151032768,-9.389692404921171e-05,0.016006290417693143,-0.00012328633145046453,0.035939556345664085,0.9911163815777287,0.2534219770373593,0.24990166693718344,POSITIVE
0.02723804324756034,0.027233409310539962,0.016913373180436887,0.016913373180436887,0.025144205988296853,0.025151645823487688,0.029200918725215887,0.029199946048349006,0.0585578088802628,0.058554299700785795,4.63393702037837e-06,0.027235726279050153,0.0,0.016913373180436887,-7.439835190834604e-06,0.025147925905892272,9.726768668803787e-07,0.029200432386782445,3.509179477008406e-06,0.058556054290524295,0.9997041968858233,0.579206883237923,0.5792261771480419,NEGATIVE
0.021030241438432275,0.02102542811400926,0.11275488680930586,0.11275488680930586,0.15464819708422564,0.1546548102139304,0.17775970664163057,0.17776583114417613,0.21790487331013125,0.21790256912810965,4.813324423015575e-06,0.021027834776220767,0.0,0.11275488680930586,-6.613129704763354e-06,0.15465150364907804,-6.124502545556965e-06,0.17776276889290335,2.3041820216007647e-06,0.21790372121912044,0.9999572387713557,0.6343107157191272,0.6342888620391152,POSITIVE
0.02186183031167555,0.02185703665534993,0.021854700521111756,0.021854700521111756,0.037673572715830016,0.037680939799065706,0.03851209125637128,0.03851099275360199,0.06868547791955014,0.06868223765701743,4.793656325618317e-06,0.02185943348351274,0.0,0.021854700521111756,-7.367083235690353e-06,0.03767725625744786,1.0985027692894667e-06,0.03851154200498663,3.2402625327054846e-06,0.06868385778828379,0.9998044851520311,0.5674763366881193,0.5674925236072602,POSITIVE
0.005177946404622171,0.005162605046321945,0.004131529811740115,0.0040918932918843,0.009773372082183507,0.009498111606026453,0.01651260694047904,0.015527298843221349,0.03674073624741172,0.03592741349086506,1.534135830022574e-05,0.005170275725472058,3.9636519855815525e-05,0.004111711551812208,0.00027526047615705415,0.00963574184410498,0.0009853080972576922,0.016019952891850195,0.0008133227565466569,0.036334074869138394,1.0289805368347484,0.2502045740937257,0.2635289825260092,NEUTRAL
0.013916102363742806,0.013911265899914321,0.00884623601842775,0.00884623601842775,0.01619901970011905,0.016206524817431317,0.02452116505194548,0.024519578353567894,0.04902716418646879,0.04902361285001304,4.836463828485418e-06,0.013913684131828565,0.0,0.00884623601842775,-7.505117312265469e-06,0.016202772258775186,1.5866983775862653e-06,0.024520371702756685,3.5513364557496208e-06,0.04902538851824091,0.999536901504147,0.36075920388007743,0.36078254914453944,POSITIVE
0.004953194449828525,0.004975410337526282,0.004078961453853363,0.00418763796910626,0.009777147100650151,0.0096665844862012,0.016361115110990632,0.016302145706479695,0.036527014864713186,0.03647189097747534,-2.2215887697756356e-05,0.0049643023936774035,-0.00010867651525289703,0.004133299711479811,0.0001105626144489516,0.009721865793425676,5.896940451093763e-05,0.016331630408735164,5.5123887237849833e-05,0.03649945292109426,1.011437598612314,0.2493082776602726,0.2568764884584567,NEGATIVE
0.005244381768113917,0.005200251550443733,0.004160406209328843,0.0041473052731713905,0.009758694048658409,0.009726553315619987,0.016548721935042802,0.01658128847825985,0.03697394992717454,0.0369579426091428,4.413021767018469e-05,0.005222316659278825,1.310093615745217e-05,0.0041538557412501165,3.2140733038421576e-05,0.009742623682139198,-3.2566543217048965e-05,0.01656500520665133,1.600731803173827e-05,0.03696594626815867,1.0033044215833749,0.25140347396729246,0.25011960039155384,NEUTRAL
0.08300775914031806,0.08300363115728883,0.05865474254266676,0.05865474254266676,0.0766747811969819,0.0766817451779022,0.04966441884185318,0.049663621085554256,0.07995667998420804,0.07995344100083228,4.127983029234006e-06,0.08300569514880345,0.0,0.05865474254266676,-6.9639809203020375e-06,0.07667826318744206,7.977562989230913e-07,0.04966401996370372,3.238983375758453e-06,0.07995506049252016,0.9999091820237651,1.1810214192043482,1.1810403901785511,NEGATIVE
0.005403125349266419,0.005264121686965486,0.004305197963524931,0.004153666743877525,0.01001115624175872,0.009895178198530682,0.016826616107431764,0.016546688329628752,0.03731259612460359,0.03704489169005702,0.00013900366230093237,0.005333623518115952,0.00015153121964740605,0.004229432353701228,0.00011597804322803669,0.0099531672201447,0.00027992777780301223,0.01668665221853026,0.00026770443454656595,0.03717874390733031,1.011720652193327,0.2558564306959985,0.2510270717637921,NEUTRAL
0.00478048076732165,0.004784551713817798,0.004063892106613677,0.004075310410869005,0.009594583853355538,0.009728568371637951,0.016182004554672287,0.016268801033758645,0.03602156579018547,0.03629554965934822,-4.070946496148066e-06,0.004782516240569724,-1.1418304255328415e-05,0.004069601258741341,-0.0001339845182824137,0.009661576112496744,-8.679647908635749e-05,0.016225402794215464,-0.0002739838691627472,0.036158557724766845,0.9862277149332892,0.2511365058494341,0.2504985079946988,NEGATIVE
0.007855442184537475,0.007850566192739343,0.02038313353383475,0.02038313353383475,0.028779183807488028,0.028786629191168346,0.039324831385132486,0.039324155797496374,0.07864303350409091,0.07863961526756863,4.875991798131141e-06,0.007853004188638409,0.0,0.02038313353383475,-7.44538368031844e-06,0.028782906499328187,6.755876361119739e-07,0.03932449359131443,3.4182365222790168e-06,0.07864132438582977,0.9997413561829344,0.5183272950970175,0.5183361999419921,POSITIVE
0.0166804553844817,0.01667562855009619,0.015117130149454289,0.015117130149454289,0.02317757659150945,0.02318497964267039,0.028920438254819266,0.028918980175319846,0.059108112519800284,0.05910449316975523,4.826834385511514e-06,0.016678041967288944,0.0,0.015117130149454289,-7.403051160939644e-06,0.02318127811708992,1.4580794994202562e-06,0.028919709215069554,3.619350045051817e-06,0.05910630284477776,0.9996806919288648,0.5227144196082072,0.5227407745893312,POSITIVE
0.050094231795395745,0.050089828570050586,0.019243186785883958,0.019243186785883958,0.02709707123215902,0.027104374393665625,0.030243257366951132,0.03024176935929976,0.06010088504581925,0.0600974556122332,4.403225345159245e-06,0.050092030182723166,0.0,0.019243186785883958,-7.303161506603401e-06,0.02710072281291232,1.4880076513734686e-06,0.030242513363125445,3.4294335860482472e-06,0.06009917032902623,0.9997305504501381,0.6362802289704507,0.6363115363266687,NEUTRAL
0.015141705870531583,0.015136905346909226,0.009175752997887077,0.009175752997887077,0.016621679380518038,0.016629179915839138,0.026574724179598403,0.02657369506146825,0.05707024105636196,0.05706690702943912,4.800523622356528e-06,0.015139305608720404,0.0,0.009175752997887077,-7.50053532110051e-06,0.016625429648178588,1.029118130154577e-06,0.026574209620533328,3.334026922839628e-06,0.05706857404290054,0.9995489473735952,0.3452812116260173,0.3452945833137983,POSITIVE
0.004950400135282079,0.004993807467860224,0.004033805104014949,0.0040191313250126145,0.009581000597267436,0.009672961377170192,0.016203661462669033,0.01589960893576328,0.03630977659714011,0.036385961479308566,-4.3407332578145226e-05,0.004972103801571152,1.467377900233463e-05,0.004026468214513782,-9.196077990275553e-05,0.009626980987218814,0.00030405252690575424,0.016051635199216156,-7.618488216845631e-05,0.03634786903822434,0.9904929963672657,0.24894404813466797,0.25278177066947427,NEGATIVE
0.014353840347030057,0.014349031577025778,0.010317563648290153,0.010317563648290153,0.016200527403563588,0.016208015223848585,0.022113653553496423,0.022112114258780558,0.04607979884033143,0.04607619137834116,4.808770004279331e-06,0.014351435962027918,0.0,0.010317563648290153,-7.4878202849966435e-06,0.016204271313706088,1.5392947158646142e-06,0.02211288390613849,3.6074619902681793e-06,0.046077995109336294,0.9995380112780384,0.4665698310174459,0.4666023104295824,NEGATIVE
0.005015584708590923,0.005011758331512209,0.004116201027171314,0.004142595270320283,0.009539919997532682,0.00965091203266537,0.016080505143065766,0.0162713069680378,0.03665906019048579,0.03617442445873513,3.826377078713916e-06,0.005013671520051566,-2.6394243148969605e-05,0.004129398148745798,-0.00011099203513268742,0.009595416015099025,-0.00019080182497203252,0.016175906055551782,0.0004846357317506572,0.03641674232461046,0.9884993114011459,0.2559746080706202,0.2545951135331779,NEGATIVE
0.005080121225594815,0.005086425293513576,0.004066409710321904,0.0041252627613243345,0.00967384682375005,0.009772877038350815,0.016099749780841298,0.01627186453951118,0.03659734188399334,0.036159017237486143,-6.3040679187604046e-06,0.005083273259554195,-5.885305100243078e-05,0.004095836235823119,-9.90302146007642e-05,0.009723361931050433,-0.00017211475866988138,0.016185807160176237,0.0004383246465071988,0.03637817956073974,0.9898668208758966,0.25257595555325557,0.2535212068632511,NEGATIVE
0.005056383055772117,0.005105501276896215,0.004062484630788731,0.004054241756589739,0.009527793629508593,0.00956587164954001,0.016136786734400915,0.01607128611550902,0.03626155861117267,0.0362300962779063,-4.9118221124098103e-05,0.005080942166334167,8.24287419899216e-06,0.004058363193689235,-3.8078020031417914e-05,0.009546832639524301,6.550061889189565e-05,0.01610403642495497,3.1462333266368825e-05,0.03624582744453948,0.9960193779481469,0.25175300835778514,0.2522661660195771,POSITIVE
0.07506224777274605,0.07505745145597856,0.03437974988157217,0.03437974988157217,0.043994898694021296,0.044002161367349114,0.029536698040597966,0.029535555811872324,0.04937539808685197,0.0493718510617866,4.796316767488595e-06,0.0750598496143623,0.0,0.03437974988157217,-7.262673327818048e-06,0.043998530030685205,1.1422287256417085e-06,0.029536126926235147,3.5470250653729662e-06,0.049373624574319284,0.9998349450780228,1.1639672693921554,1.1640122835051376,POSITIVE
0.022926836450099807,0.022921992548495036,0.010561783180689368,0.010561783180689368,0.01664788703304628,0.01665535146998411,0.02536729476732723,0.025365909628563103,0.05333226940303973,0.053328666954135795,4.843901604770912e-06,0.02292441449929742,0.0,0.010561783180689368,-7.4644369378283615e-06,0.016651619251515197,1.3851387641282409e-06,0.02536660219794517,3.602448903933242e-06,0.05333046817858776,0.9995518235141141,0.41635433482080964,0.41637707039524574,POSITIVE
0.03691001444863179,0.03690545494356814,0.03177512613418821,0.03177512613418821,0.044991295615776264,0.04499857853894168,0.05037624140756377,0.05037605192411334,0.07789979288523854,0.07789644723387978,4.559505063651825e-06,0.03690773469609997,0.0,0.03177512613418821,-7.282923165416455e-06,0.04499493707735897,1.8948345043012793e-07,0.050376146665838555,3.3456513587604153e-06,0.07789812005955916,0.9998381499286043,0.6307561894909789,0.6307585620043927,NEUTRAL
0.006538238068367777,0.006533362666157421,0.033507648034451464,0.033507648034451464,0.048884241057121684,0.04889163806166441,0.0700580936209089,0.07005663479759791,0.11826270840303174,0.11825969082264162,4.875402210355838e-06,0.006535800367262598,0.0,0.033507648034451464,-7.397004542726571e-06,0.04888793955939305,1.4588233109846804e-06,0.0700573642092534,3.0175803901189013e-06,0.11826119961283668,0.9998487040970427,0.47828375359364195,0.47829371312838165,POSITIVE
0.03629442615576858,0.03628958714741608,0.10070480882077142,0.10070480882077142,0.046820494810367645,0.046827611513755786,0.04284142211651458,0.04284137468925368,0.08092208364757726,0.0809184592061465,4.839008352505725e-06,0.03629200665159233,0.0,0.10070480882077142,-7.116703388140855e-06,0.046824053162061716,4.7427260896348855e-08,0.04284139840288413,3.624441430760683e-06,0.08092027142686188,0.9998480212177626,2.3506411227858717,2.350643725047595,POSITIVE
0.018826132052156195,0.01882135827345957,0.013520791937790707,0.013520791937790707,0.01948290514151034,0.01949031673829023,0.026438671206182065,0.02643727637833527,0.05395985537814635,0.05395627936187528,4.773778696624126e-06,0.01882374516280788,0.0,0.013520791937790707,-7.411596779891699e-06,0.019486610939900284,1.3948278467963704e-06,0.026437973792258665,3.576016271066018e-06,0.05395806737001081,0.9996197241511573,0.511402096618569,0.5114290781378589,NEUTRAL
0.0049233885623252505,0.004919223447252443,0.004033287459303524,0.004005944665191117,0.009423698888815814,0.009379719241380377,0.01597513462212892,0.015967317573503673,0.03551938032855591,0.03570602121235304,4.165115072807604e-06,0.004921306004788847,2.734279411240742e-05,0.00401961606224732,4.3979647435436406e-05,0.009401709065098095,7.817048625246431e-06,0.015971226097816295,-0.0001866408837971345,0.035612700770454475,1.0046887914056675,0.25247282914719793,0.2508840086421416,POSITIVE
0.005019391900045475,0.0050009729324834735,0.00406666663637815,0.0041306731876112005,0.009603278668418059,0.009533392147958127,0.01615320333971032,0.01623844875089441,0.03648943258678633,0.036560748034049725,1.8418967562001953e-05,0.0050101824162644745,-6.400655123305066e-05,0.004098669911994675,6.9886520459932e-05,0.009568335408188092,-8.52454111840914e-05,0.016195826045302366,-7.131544726339534e-05,0.03652509031041803,1.0073306981022312,0.2517560465053536,0.2543760937722622,NEGATIVE
0.004959685142543118,0.005055426401578157,0.003966384116431504,0.003966468099677134,0.009431775397117958,0.00946735048037642,0.01588603927967141,0.01578725521613447,0.03565588403527935,0.0354690907790393,-9.574125903503896e-05,0.005007555772060638,-8.398324562956111e-08,0.003966426108054319,-3.557508325846212e-05,0.00944956293874719,9.87840635369372e-05,0.01583664724790294,0.0001867932562400476,0.035562487407159324,0.996242329577168,0.24967734383858398,0.25124494538473885,POSITIVE
0.005213278454311322,0.005070274198155801,0.0041670974793104765,0.004153138258751117,0.009709952951020204,0.00978213154246301,0.016397758388994505,0.01637534839538582,0.036837362752928794,0.036820584674578986,0.0001430042561555208,0.005141776326233562,1.3959220559359858e-05,0.004160117869030797,-7.217859144280532e-05,0.009746042246741606,2.2409993608685924e-05,0.01638655339219016,1.6778078349807823e-05,0.03682897371375389,0.9926213739416994,0.2541260430263843,0.2536213662824563,NEUTRAL
0.005152504952570622,0.005196288436287026,0.004151905579580324,0.004227241370416971,0.009774978209635285,0.009776994824896438,0.016551976379729664,0.016460138591173963,0.037207459816248935,0.03693571140681056,-4.37834837164041e-05,0.005174396694428824,-7.53357908366472e-05,0.0041895734749986474,-2.0166152611533067e-06,0.009775986517265862,9.183778855570077e-05,0.016506057485451815,0.0002717484094383743,0.03707158561152975,0.9997937285150862,0.25084047120686426,0.25681687437321815,NEUTRAL
0.005040932026788121,0.00506226584563907,0.004042218641653842,0.0040718400481136955,0.009611123117391684,0.00955717509890661,0.016115207814923895,0.01611252345205003,0.03614819497514057,0.03611396891853148,-2.133381885094897e-05,0.005051598936213595,-2.9621406459853263e-05,0.004057029344883769,5.3948018485074425e-05,0.009584149108149146,2.6843628738656977e-06,0.016113865633486962,3.422605660908379e-05,0.03613108194683602,1.0056447556272952,0.2508325466847029,0.252712744528192,POSITIVE
0.004927735597723469,0.005004262217397847,0.0041278988733737445,0.00414874225781566,0.00968700037855015,0.00976012090304252,0.016209412241829667,0.016314575154715155,0.03644412188229755,0.03634369383757212,-7.652661967437815e-05,0.004965998907560658,-2.0843384441915358e-05,0.004138320565594702,-7.312052449236911e-05,0.009723560640796335,-0.00010516291288548835,0.01626199369827241,0.00010042804472543132,0.036393907859934835,0.9925082256183531,0.25466061238514953,0.25429667601163025,NEGATIVE
0.0396004102005878,0.039595709218867764,0.012908774447122356,0.012908774447122356,0.019183209363009008,0.01919065890603351,0.029931070021003946,0.029929758279001243,0.053787139681891256,0.05378361664710457,4.700981720034969e-06,0.03959805970972778,0.0,0.012908774447122356,-7.4495430245034855e-06,0.019186934134521258,1.3117420027027038e-06,0.029930414150002596,3.5230347866857525e-06,0.05378537816449791,0.9996118089002487,0.43128342538156367,0.4313023273912952,NEUTRAL
0.00486249692667393,0.004440559842564735,0.0039840445396830135,0.003924092502252539,0.009365122975751908,0.00939522522605294,0.016109085473840174,0.016056069125662643,0.034581027815769466,0.03599046221154544,0.00042193708410919514,0.004651528384619333,5.995203743047479e-05,0.003954068520967776,-3.0102250301032238e-05,0.009380174100902423,5.3016348177531425e-05,0.01608257729975141,-0.0014094343957759756,0.03528574501365746,0.9967959948530922,0.24731661654046788,0.24439932632954808,NEGATIVE
0.026898030075778574,0.026893507909423468,0.027227017042423453,0.027227017042423453,0.03636091425004727,0.036368362814785594,0.037912141415018544,0.03791123772368743,0.05961599571600642,0.05961256348992433,4.522166355106633e-06,0.026895768992601023,0.0,0.027227017042423453,-7.448564738325725e-06,0.036364638532416435,9.036913311138983e-07,0.03791168956935299,3.4322260820882078e-06,0.05961427960296538,0.9997951883411474,0.7181608834108651,0.7181780022337245,NEGATIVE
0.05199781550357341,0.051993225141586975,0.06786163133143555,0.06786163133143555,0.07282066739718848,0.07282764027502,0.059740797163099615,0.059740913860237624,0.08908775642529916,0.08908413779186093,4.590361986432645e-06,0.05199552032258019,0.0,0.06786163133143555,-6.972877831523672e-06,0.07282415383610424,-1.1669713800843695e-07,0.05974085551166862,3.618633438229324e-06,0.08908594710858005,0.9999042536900055,1.1359344776162197,1.1359322586963252,NEGATIVE
0.005028182712501991,0.0049481750475525955,0.004031833006211757,0.0036934894726979514,0.009581485756597044,0.00849418328947868,0.016045516042604152,0.016933884740664082,0.03438464173434818,0.03697214302503513,8.000766494939589e-05,0.0049881788800272935,0.0003383435335138057,0.0038626612394548543,0.0010873024671183649,0.009037834523037861,-0.0008883686980599298,0.016489700391634117,-0.0025875012906869527,0.035678392379691656,1.1280055206325252,0.251274746812688,0.21811235327575942,POSITIVE
0.005171657438086751,0.005160267434130834,0.004172561320882709,0.004185813681016963,0.009801433045389354,0.009799059045744813,0.01648078360090838,0.01648053070319384,0.03700603692795647,0.03708518072451158,1.1390003955917202e-05,0.005165962436108793,-1.3252360134254071e-05,0.004179187500949836,2.373999644540714e-06,0.009800246045567083,2.528977145407896e-07,0.01648065715205111,-7.914379655511034e-05,0.03704560882623402,1.0002422579157073,0.25317736077397385,0.25398536800803617,NEUTRAL
0.004848665090409036,0.004850104944248915,0.004025803373451919,0.004113352207416315,0.009590567838974105,0.00951770380786877,0.016173230749428648,0.01604116582690636,0.036203806950448586,0.03602323207055834,-1.4398538398787894e-06,0.004849385017328976,-8.75488339643956e-05,0.004069577790434117,7.28640311053342e-05,0.009554135823421437,0.0001320649225222889,0.016107198288167503,0.0001805748798902468,0.03611351951050346,1.0076556207054408,0.24891769683693957,0.256424765267022,NEGATIVE
0.00483182377457387,0.004849786499297861,0.004051188919054733,0.0040642459473872825,0.009579181437892043,0.009527717157471888,0.016149632027262436,0.016195623092785365,0.03599928944473331,0.0365509097803581,-1.7962724723990728e-05,0.0048408051369358655,-1.3057028332549327e-05,0.004057717433221008,5.1464280420155176e-05,0.009553449297681964,-4.599106552292953e-05,0.0161726275600239,-0.0005516203356247876,0.0362750996125457,1.0054015226343747,0.25085332514886577,0.2509471786919428,NEGATIVE
0.005174242517007295,0.005194886038929016,0.004218799354093566,0.004147187769710154,0.009776423151673146,0.009743640091881807,0.01622594212121051,0.016506236443890054,0.03696173940007549,0.037048701292859414,-2.0643521921720996e-05,0.005184564277968156,7.161158438341152e-05,0.0041829935619018595,3.278305979133832e-05,0.009760031621777476,-0.0002802943226795432,0.016366089282550282,-8.696189278392663e-05,0.03700522034646745,1.0033645495057024,0.26000335121240364,0.25124974785638077,NEUTRAL
0.010899117113407476,0.010894284281460961,0.006586975522283543,0.006586975522283543,0.012012293790469596,0.012019798890777356,0.019366193052790952,0.01936457228029616,0.041902528061105906,0.04189894886290907,4.832831946514904e-06,0.010896700697434218,0.0,0.006586975522283543,-7.5051003077600265e-06,0.012016046340623476,1.620772494791145e-06,0.019365382666543557,3.5791981968374964e-06,0.04190073846200749,0.9993755968536979,0.34012753411654695,0.3401560020496978,POSITIVE
0.004917863117690248,0.004755963990430388,0.004105998474947007,0.004138860373655341,0.009653218811699444,0.009630106780961031,0.016150429364615804,0.016202365894553237,0.03605665868359189,0.03633036465302264,0.00016189912725985984,0.0048369135540603184,-3.286189870833466e-05,0.004122429424301174,2.3112030738412295e-05,0.009641662796330237,-5.193652993743317e-05,0.01617639762958452,-0.00027370596943075004,0.03619351166830727,1.002399966171103,0.2542346309702101,0.25544790032805736,POSITIVE
0.005175948413351327,0.005240649295452745,0.0041571685859523215,0.004232450518561212,0.009789696872214853,0.009779889729486953,0.016563773533061696,0.016442334281988283,0.037259074760608926,0.03698819371310473,-6.470088210141795e-05,0.005208298854402035,-7.528193260889025e-05,0.004194809552256767,9.80714272789951e-06,0.009784793300850903,0.00012143925107341302,0.01650305390752499,0.0002708810475041956,0.03712363423685683,1.0010027764012568,0.2509795580431328,0.2574117774418722,NEUTRAL
0.004976930487189225,0.0049678833239849935,0.003818496932907706,0.003950279480186052,0.009111403272193732,0.009575278380404452,0.015337978983057974,0.016256402239178284,0.035287351576178294,0.036320584891166935,9.047163204231254e-06,0.004972406905587109,-0.00013178254727834546,0.003884388206546879,-0.00046387510821072064,0.009343340826299092,-0.0009184232561203105,0.01579719061111813,-0.0010332333149886408,0.035803968233672614,0.9515549120414588,0.24895697876687953,0.24299838289962788,NEUTRAL
0.017185200969869644,0.017180349175015857,0.015397198915145741,0.015397198915145741,0.02250681453030495,0.02251423755590945,0.026841857572712284,0.02684064886319547,0.05000893245452632,0.05000540626624279,4.851794853787117e-06,0.01718277507244275,0.0,0.015397198915145741,-7.423025604500616e-06,0.0225105260431072,1.2087095168124284e-06,0.02684125321795388,3.5261882835313507e-06,0.05000716936038455,0.9996702919406844,0.5736264271603935,0.5736522591632841,POSITIVE
0.015012918653556006,0.015008094643475361,0.029218502802287643,0.029218502802287643,0.0419752414046516,0.04198267881873456,0.04128993664990779,0.04128923799370682,0.07318569516724949,0.07318212956849822,4.824010080645147e-06,0.015010506648515684,0.0,0.029218502802287643,-7.437414082961391e-06,0.04197896011169308,6.986562009689279e-07,0.041289587321807306,3.565598751267829e-06,0.07318391236787386,0.9998228432707364,0.7076422271911786,0.7076542012224982,POSITIVE
0.005129226431053655,0.005187915513210158,0.004124935150614304,0.004010128262702224,0.00961942301644087,0.009481907182730107,0.01603965587163169,0.016064953659721454,0.03629403199658823,0.036251237158066565,-5.8689082156502745e-05,0.005158570972131907,0.00011480688791208008,0.004067531706658264,0.00013751583371076313,0.009550665099585489,-2.52977880897641e-05,0.016052304765676574,4.2794838521667544e-05,0.0362726345773274,1.0145029612303031,0.2571710489246036,0.24961965796356914,POSITIVE
0.06507224660466539,0.06506755082835952,0.03554621649582217,0.03554621649582217,0.059050309809021956,0.0590576213580524,0.051161843333271104,0.05116132975809213,0.07006081444933515,0.07005725998084751,4.6957763058658175e-06,0.06506989871651245,0.0,0.03554621649582217,-7.311549030442066e-06,0.05905396558353718,5.135751789744902e-07,0.05116158654568162,3.5544684876404053e-06,0.07005903721509132,0.9998761946578625,0.6947798224312237,0.6947867968721274,POSITIVE
0.004900213038549196,0.004904253424944196,0.004152066611081647,0.004143576928884984,0.009689989216826083,0.009684153568660776,0.01637073925983407,0.016314086532824568,0.03665895465199816,0.03636186306055226,-4.040386395000491e-06,0.004902233231746695,8.489682196663288e-06,0.004147821769983316,5.8356481653070585e-06,0.00968707139274343,5.6652727009501996e-05,0.016342412896329317,0.00029709159144589853,0.03651040885627521,1.0006025873158324,0.25362731149876006,0.253987674709778,NEGATIVE
0.022903850428085917,0.02289898890044285,0.06766648659605862,0.06766648659605862,0.08418383051902838,0.08419103261418742,0.07947681276666893,0.07947688650008669,0.11216323299939406,0.1121604318586128,4.861527643066493e-06,0.022901419664264386,0.0,0.06766648659605862,-7.20209515904513e-06,0.0841874315666079,-7.373341776029108e-08,0.07947684963337781,2.801140781258371e-06,0.11216183242900343,0.9999144541297706,0.8513990956025951,0.8513983057306225,NEGATIVE
0.012141988637626952,0.01213712979399376,0.02611345223495855,0.02611345223495855,0.04431758892722652,0.04432486789474461,0.053938010859887676,0.05393669832805535,0.09362792971003402,0.09362472646420596,4.858843633192764e-06,0.012139559215810357,0.0,0.02611345223495855,-7.2789675180859326e-06,0.04432122841098557,1.3125318323245483e-06,0.05393735459397152,3.203245828059531e-06,0.09362632808711999,0.9998357791495521,0.4841382129270295,0.48414999427135036,POSITIVE
0.005182068585831756,0.004266510728500642,0.003932484356918061,0.004058133759181895,0.009428637747063161,0.010400049304346983,0.016533742307131106,0.01734633534654984,0.034805226270048985,0.03787928175180269,0.0009155578573311141,0.0047242896571661995,-0.0001256494022638336,0.003995309058049978,-0.0009714115572838217,0.009914343525705072,-0.0008125930394187325,0.016940038826840472,-0.0030740554817537055,0.036342254010925834,0.9065954766640058,0.23784599155373048,0.23394761226003222,NEUTRAL
0.01945164080558261,0.019446899638821125,0.014205070816118265,0.014205070816118265,0.01768843086195714,0.017695915580549792,0.025702647885001047,0.025701241131317294,0.05255936163385615,0.05255582029643388,4.741166761485643e-06,0.019449270222201866,0.0,0.014205070816118265,-7.484718592652706e-06,0.017692173221253465,1.4067536837532313e-06,0.025701944508159172,3.5413374222664773e-06,0.052557590965145014,0.9995770312919788,0.552669546904573,0.5526997971914758,NEGATIVE
0.005153446331575945,0.005152024684490667,0.004175675238178796,0.004135087371484809,0.009760721985825728,0.009782667230782242,0.016445468701268853,0.01646210345278023,0.03689388032855656,0.036994615039564,1.4216470852783034e-06,0.005152735508033307,4.0587866693987326e-05,0.004155381304831803,-2.194524495651405e-05,0.009771694608303984,-1.6634751511375445e-05,0.01645378607702454,-0.00010073471100743858,0.03694424768406028,0.9977567115169643,0.2539103803387241,0.2511882736144281,NEUTRAL
0.005037903131436266,0.0051065677919548014,0.004065494934004867,0.004073685990013216,0.009422902473789796,0.009519518747619726,0.0162214923507418,0.016091986522064207,0.03627298180405818,0.03642792404831298,-6.866466051853523e-05,0.005072235461695534,-8.191056008349275e-06,0.004069590462009042,-9.661627382992997e-05,0.009471210610704762,0.0001295058286775938,0.016156739436403004,-0.00015494224425480208,0.03635045292618558,0.9898507082788026,0.2506239759596814,0.253149973691108,POSITIVE
0.004892019755364514,0.004937570453581855,0.004148824079365078,0.004144902690358511,0.009811561973332057,0.009810057448625384,0.016237077631585217,0.015911280271043396,0.03656298604301022,0.03635274196229341,-4.555069821734082e-05,0.004914795104473185,3.921389006567022e-06,0.004146863384861794,1.504524706673338e-06,0.00981080971097872,0.0003257973605418213,0.016074178951314307,0.00021024408071680656,0.036457864002651816,1.0001533553395805,0.25551544113720454,0.2605008895388288,NEGATIVE
0.004730705357300011,0.0046782368087504664,0.004181686453447316,0.004155521599161761,0.009646796958677184,0.009815519942386655,0.016215973246030083,0.01624681429454285,0.03646267551894549,0.03632898979776003,5.246854854954429e-05,0.004704471083025239,2.616485428555502e-05,0.004168604026304538,-0.00016872298370947114,0.00973115845053192,-3.084104851276692e-05,0.016231393770286467,0.00013368572118546002,0.036395832658352764,0.9828105813058433,0.25787452681470124,0.25577454744343975,POSITIVE
0.004922456341386683,0.0049294539006962445,0.004135969885695542,0.004033785308686465,0.009743935342010679,0.009697124008134467,0.016282672190741528,0.016276833012549757,0.03620755644432663,0.037067230693219176,-6.997559309561245e-06,0.004925955121041464,0.00010218457700907676,0.004084877597191004,4.681133387621217e-05,0.009720529675072573,5.839178191770905e-06,0.016279752601645645,-0.0008596742488925432,0.03663739356877291,1.0048273316247387,0.2540105095677256,0.24782371858173918,NEGATIVE
0.005121357473509152,0.005160119748153067,0.004170763359361083,0.004133506206411415,0.009729059830295783,0.009731811343942192,0.01639956584851736,0.01651019740619743,0.03691888050148527,0.03682901393360821,-3.8762274643914726e-05,0.005140738610831109,3.725715294966743e-05,0.004152134782886249,-2.751513646408882e-06,0.009730435587118988,-0.00011063155768007218,0.016454881627357393,8.986656787705882e-05,0.03687394721754674,0.9997172557583694,0.2543215700009518,0.2503607970080201,NEUTRAL
0.016881687657460037,0.01687688697400905,0.010005789826037375,0.010005789826037375,0.015767265313365836,0.01577476952776225,0.028158700529298062,0.028157466412349293,0.055596387337404615,0.055592905123362304,4.800683450986026e-06,0.016879287315734542,0.0,0.010005789826037375,-7.504214396415743e-06,0.015771017420564044,1.234116948769376e-06,0.02815808347082368,3.4822140423107495e-06,0.05559464623038346,0.9995242837408408,0.3553356370295982,0.35535121107749656,POSITIVE
0.005130021082389558,0.005126263189590864,0.004153868519874009,0.00415884729356559,0.009788200497114957,0.009755602819286243,0.016402950756261456,0.01645007799825288,0.03696268431845523,0.03701048833659823,3.757892798694415e-06,0.005128142135990211,-4.978773691580521e-06,0.004156357906719799,3.2597677828713825e-05,0.009771901658200601,-4.71272419914244e-05,0.016426514377257166,-4.7804018142999505e-05,0.03698658632752673,1.0033414211400784,0.2532391004688259,0.25281626438036725,NEUTRAL
0.005128727639246432,0.005208224044390022,0.00416752247238072,0.004198304672568397,0.00968594606752703,0.00978384893330785,0.0165450822290874,0.016364983364416476,0.037157671844913996,0.03712413429532074,-7.949640514358976e-05,0.005168475841818227,-3.078220018767636e-05,0.004182913572474559,-9.79028657808207e-05,0.00973489750041744,0.0001800988646709252,0.016455032796751937,3.3537549593253e-05,0.03714090307011737,0.9899934100119981,0.25188889299474365,0.25654194406594194,NEUTRAL
0.005105657962320231,0.0050796232940446785,0.0041224515788799545,0.0041403153773324815,0.009714843646535467,0.009630696232794915,0.016101691961053217,0.016188067031781807,0.03674473842602805,0.03662857027873269,2.6034668275552383e-05,0.005092640628182455,-1.7863798452527092e-05,0.0041313834781062184,8.414741374055193e-05,0.00967276993966519,-8.63750707285893e-05,0.016144879496417512,0.00011616814729536323,0.036686654352380374,1.0087374070194706,0.2560259855454162,0.25576341780816175,POSITIVE
0.06634490443718509,0.06634016705876791,0.09402829089276354,0.09402829089276354,0.07995296052941392,0.07995988931050979,0.07769037501020176,0.07769008355108983,0.1145177855934001,0.11451470443992326,4.7373784171772515e-06,0.0663425357479765,0.0,0.09402829089276354,-6.9287810958718055e-06,0.07995642491996185,2.914591119285159e-07,0.0776902292806458,3.081153476844345e-06,0.11451624501666169,0.9999133455392829,1.210295236178058,1.2102997766748385,NEGATIVE
0.0052097748457095245,0.005229591748786891,0.004121665244734127,0.004177277545507647,0.009736648600282137,0.009799889379332526,0.016594694725734237,0.016477904828891977,0.0371669314142813,0.03701582190790903,-1.9816903077366117e-05,0.005219683297248208,-5.561230077351983e-05,0.0041494713951208875,-6.32407790503893e-05,0.009768268989807332,0.00011678989684225927,0.016536299777313107,0.000151109506372267,0.03709137666109516,0.9935467762994918,0.24837246409270816,0.25350780718386745,NEUTRAL
0.053026406520863545,0.05302153543555375,0.017220090473812004,0.017220090473812004,0.022817973338222504,0.02282541658788876,0.027882197375613604,0.027881356885781,0.053817633425836384,0.05381405438458822,4.871085309797463e-06,0.05302397097820864,0.0,0.017220090473812004,-7.443249666255758e-06,0.022821694963055632,8.404898326035137e-07,0.027881777130697304,3.579041248161219e-06,0.0538158439052123,0.9996739008199483,0.6176016251542972,0.617620242895421,POSITIVE
0.007394965382978083,0.007390091335011495,0.03146503133433571,0.03146503133433571,0.055454985685048516,0.05546204271553561,0.06503834415890705,0.06503742953856413,0.14041562702374516,0.14041242539487303,4.874047966588364e-06,0.007392528358994789,0.0,0.03146503133433571,-7.0570304870967715e-06,0.05545851420029206,9.146203429205579e-07,0.0650378868487356,3.2016288721292696e-06,0.1404140262093091,0.9998727574728797,0.48379201058807014,0.48379881414745257,NEUTRAL
0.005165973336678373,0.005195231872317051,0.004162884902429015,0.004189977149448077,0.00969928208831903,0.009884072300572956,0.016403084560311955,0.016429981433145256,0.03721933916699229,0.03684398297297787,-2.9258535638678265e-05,0.005180602604497712,-2.7092247019062585e-05,0.004176431025938546,-0.0001847902122539269,0.009791677194445993,-2.689687283330064e-05,0.016416532996728607,0.0003753561940144229,0.03703166106998508,0.9813042332385976,0.2537867107704024,0.25502019834869366,NEUTRAL
0.004976303854435136,0.004983713690947731,0.004081899681877938,0.004096172991995167,0.009636854823104243,0.009699919812946095,0.016081264246975664,0.016222509928940122,0.03634797865916805,0.0364725819390386,-7.4098365125951915e-06,0.004980008772691434,-1.4273310117229182e-05,0.004089036336936552,-6.306498984185241e-05,0.00966838731802517,-0.00014124568196445877,0.016151887087957895,-0.00012460327987055125,0.03641028029910333,0.993498390666331,0.25382952445810664,0.2524993348555683,NEGATIVE
0.0049282276737109025,0.004843468348135855,0.003915910131231088,0.0038938564817856923,0.009269918354887751,0.009326957997161668,0.01569561134145716,0.01575081900532058,0.034904517179947935,0.0355636372998131,8.475932557504718e-05,0.0048858480109233784,2.2053649445396076e-05,0.0039048833065083903,-5.703964227391639e-05,0.00929843817602471,-5.520766386342066e-05,0.01572321517338887,-0.0006591201198651656,0.03523407723988052,0.9938844217289585,0.24949076662842898,0.24721612607882462,POSITIVE
0.08381669052136373,0.08381201229028243,0.009989775860043543,0.009989775860043543,0.01564113444724631,0.015648651993129595,0.024578780683413518,0.02457782741829788,0.048546049051148295,0.048542468370694404,4.678231081300943e-06,0.08381435140582308,0.0,0.009989775860043543,-7.517545883285043e-06,0.01564489322018795,9.532651156392291e-07,0.024578304050855697,3.5806804538907056e-06,0.04854425871092135,0.9995195978644967,0.4064390316213299,0.40645479559193265,POSITIVE
0.0052040084641240564,0.0051506301154502976,0.004164105627882808,0.004147352152426337,0.009840136475995463,0.0096958467333472,0.016417687560730858,0.016407660798118315,0.03685679292285595,0.03717500872555895,5.3378348673758895e-05,0.0051773192897871766,1.675347545647063e-05,0.0041557288901545725,0.0001442897426482629,0.00976799160467133,1.0026762612542345e-05,0.01641267417942459,-0.000318215802702998,0.03701590082420745,1.0148815926167485,0.2536353300131814,0.2527692507895485,NEUTRAL
0.005210183161531912,0.005172048610136621,0.004124691630527442,0.0041809602081496824,0.009772593590390125,0.009709215329106066,0.01657554468215612,0.016405990952317543,0.03694956019061138,0.03722996210673915,3.813455139529097e-05,0.005191115885834267,-5.626857762224078e-05,0.0041528259193385625,6.337826128405971e-05,0.009740904459748095,0.00016955372983857783,0.01649076781723683,-0.00028040191612777043,0.037089761148675265,1.0065276295233976,0.2488419949230114,0.2548435016706334,NEUTRAL
0.004882206302267164,0.004943187290079153,0.004037338443341093,0.004050987848696513,0.0095263164150763,0.009641897329227881,0.0161371504165118,0.01616003939169063,0.036280633438123065,0.036324716642600945,-6.098098781198973e-05,0.004912696796173158,-1.3649405355420363e-05,0.004044163146018803,-0.00011558091415158137,0.00958410687215209,-2.2888975178828735e-05,0.016148594904101213,-4.408320447787939e-05,0.036302675040362005,0.9880126277011395,0.2501890553236162,0.2506793285238876,NEGATIVE
0.004894999636409233,0.004941278064978397,0.003988373871277772,0.004059160783276872,0.009609426101524557,0.009619552871961527,0.01594106268393887,0.016048385272026136,0.03594711938044146,0.03592926300658993,-4.6278428569163955e-05,0.004918138850693815,-7.078691199910014e-05,0.004023767327277323,-1.0126770436970356e-05,0.009614489486743042,-0.00010732258808726636,0.015994723977982503,1.7856373851529717e-05,0.0359381911935157,0.9989472618461079,0.25019497917643146,0.2529326589048874,NEGATIVE
0.11252664519387312,0.11252343462878378,0.03703503838348715,0.03703503838348715,0.024836617311685474,0.024843907003806523,0.028850018273564055,0.028848426012810388,0.05996284368927962,0.05995958305677191,3.210565089339923e-06,0.11252503991132845,0.0,0.03703503838348715,-7.289692121048574e-06,0.024840262157746,1.5922607536668354e-06,0.02884922214318722,3.260632507710859e-06,0.05996121337302576,0.9997065762607069,1.2837093517217035,1.2837802048078257,NEGATIVE
0.036553886793999533,0.03654912543113934,0.022032515076868348,0.022032515076868348,0.02851884416388122,0.02852629678795072,0.03745970641318542,0.03745829758420166,0.060923686951293056,0.06092010704003374,4.761362860192242e-06,0.03655150611256944,0.0,0.022032515076868348,-7.452624069502478e-06,0.02852257047591597,1.4088289837579926e-06,0.037459001998693536,3.5799112593146165e-06,0.0609218969956634,0.9997387419720556,0.588165715316353,0.5881878365807515,NEGATIVE
0.004919728038772261,0.004832398135014113,0.004088464519848564,0.004063541450284666,0.009542949466131365,0.009645408581911628,0.01615829316487038,0.016173610216426222,0.036100049883829956,0.036221282262953965,8.732990375814875e-05,0.004876063086893187,2.4923069563898524e-05,0.0040760029850666155,-0.00010245911578026304,0.009594179024021496,-1.531705155584373e-05,0.0161659516906483,-0.00012123237912400886,0.03616066607339196,0.9893774106251809,0.25302576533483667,0.2512451685668262,NEGATIVE
0.048526419283696595,0.048521975238725285,0.042752740080024124,0.042752740080024124,0.04532656260871372,0.04533393251388293,0.04124085487579742,0.041239213447706,0.08360884079733395,0.08360531008323407,4.444044971310679e-06,0.04852419726121094,0.0,0.042752740080024124,-7.369905169210544e-06,0.045330247561298324,1.641428091420094e-06,0.04124003416175171,3.5307140998780406e-06,0.083607075440284,0.999837428505663,1.0366598875099453,1.036701149273064,NEGATIVE
0.005012423495828942,0.004993276438377029,0.004169269109566485,0.004084857069891541,0.009742041243883533,0.009763028632031911,0.016227006036064986,0.016175829827713078,0.03636639476921037,0.036200737235352345,1.9147057451913627e-05,0.0050028499671029856,8.441203967494374e-05,0.004127063089729013,-2.098738814837811e-05,0.009752534937957722,5.117620835190864e-05,0.016201417931889034,0.00016565753385802684,0.03628356600228136,0.9978503097015868,0.2569339701117241,0.2525284383024577,NEGATIVE
0.005199420027403011,0.005169367434444044,0.00411995261334677,0.004218799354093566,0.009726215548265606,0.009783942689391882,0.016488961225300806,0.016224280852612107,0.03720893661115997,0.036958195275013365,3.005259295896668e-05,0.005184393730923527,-9.884674074679602e-05,0.004169375983720167,-5.772714112627607e-05,0.009755079118828745,0.0002646803726886991,0.016356621038956458,0.0002507413361466024,0.03708356594308666,0.9940997977636515,0.2498612576054186,0.2600299739887295,NEUTRAL
0.004925785003330203,0.004944669776635617,0.00403617928035627,0.00406015699181919,0.009558170214684976,0.00953582389424082,0.016195284635344524,0.016273211028662287,0.03621842468702581,0.036708547709965116,-1.8884773305414757e-05,0.00493522738998291,-2.3977711462919507e-05,0.00404816813608773,2.2346320444155063e-05,0.009546997054462898,-7.792639331776277e-05,0.016234247832003404,-0.0004901230229393053,0.03646348619849546,1.0023433969059885,0.24921940838420262,0.24949943558883503,NEGATIVE
0.005162929656977691,0.005201993003493003,0.0041756535251406745,0.0041572181335503226,0.009777805035209235,0.009684926720306321,0.016399171922077394,0.016296874791918776,0.03705200774815429,0.03675608049591519,-3.9063346515311875e-05,0.005182461330235347,1.8435391590351964e-05,0.004166435829345498,9.287831490291387e-05,0.009731365877757778,0.00010229713015861772,0.016348023356998087,0.000295927252239106,0.03690404412203474,1.0095899759106262,0.25462587498437106,0.25509296482430416,NEUTRAL
0.019779964099697418,0.01977515608865216,0.01177547532392451,0.01177547532392451,0.019553339922430822,0.0195608134301296,0.026145398706342488,0.02614397815946164,0.050308411698467906,0.05030481375017792,4.808011045256966e-06,0.01977756009417479,0.0,0.01177547532392451,-7.473507698776277e-06,0.019557076676280212,1.4205468808481392e-06,0.026144688432902064,3.5979482899892168e-06,0.05030661272432291,0.9996179296077198,0.45038423055409477,0.4504087024193766,NEUTRAL
0.02685075514349634,0.02684601917604186,0.014175509545874123,0.014175509545874123,0.02097911692289904,0.02098657259100439,0.030404520129898853,0.030402879799955318,0.06124342288752321,0.061239981526090795,4.735967454479878e-06,0.026848387159769102,0.0,0.014175509545874123,-7.455668105348784e-06,0.020982844756951717,1.6403299435349683e-06,0.030403699964927085,3.441361432418577e-06,0.061241702206807004,0.999644736269465,0.4662303314996686,0.46625548607633566,NEGATIVE
0.0409605325889298,0.04095574679998823,0.03419896157244094,0.03419896157244094,0.056466992898678736,0.056474377483575866,0.052496448873398216,0.05249545776366582,0.07294305487884763,0.07293973279225528,4.785788941572e-06,0.040958139694459016,0.0,0.03419896157244094,-7.384584897129898e-06,0.0564706851911273,9.911097323955786e-07,0.05249595331853202,3.322086592344453e-06,0.07294139383555145,0.9998692383127871,0.6514528552163737,0.6514651545902868,NEGATIVE
0.0049150818985633365,0.004895107830863361,0.003921683642256464,0.003946044688338518,0.009325281775076993,0.009372575119979527,0.0158088234711123,0.01571480960161355,0.035147889048862666,0.035297258062716184,1.9974067699975694e-05,0.004905094864713348,-2.4361046082054492e-05,0.003933864165297491,-4.729334490253395e-05,0.00934892844752826,9.401386949875121e-05,0.015761816536362924,-0.00014936901385351892,0.03522257355578942,0.994954060779185,0.24806929020465598,0.25110356175253906,POSITIVE
0.0181423672689659,0.018137542360851012,0.011890073022797354,0.011890073022797354,0.020900885085178605,0.020908362790183408,0.027001349040927297,0.026999803802677077,0.05664553300564866,0.05664204916393367,4.824908114889337e-06,0.018139954814908456,0.0,0.011890073022797354,-7.4777050048033256e-06,0.020904623937681006,1.5452382502202655e-06,0.02700057642180219,3.4838417149879453e-06,0.056643791084791166,0.9996423533949511,0.4403510713757252,0.44037627331131957,POSITIVE
0.03314142960822841,0.03313681336451197,0.014717434414098816,0.014717434414098816,0.0196108062768524,0.01961827672011045,0.02745881476137172,0.027457332942727168,0.060074509366506386,0.0600709350541434,4.616243716441815e-06,0.03313912148637019,0.0,0.014717434414098816,-7.470443258050796e-06,0.019614541498481426,1.481818644552546e-06,0.027458073852049444,3.574312362988885e-06,0.06007272221032489,0.9996192049216884,0.5359821422884089,0.5360110681979412,POSITIVE
0.004990780949400468,0.0050618903297270324,0.004098450357508181,0.0041180565368627445,0.009687464802601775,0.00972532981008327,0.016118427057160427,0.016237933080097123,0.03664715088157234,0.036300177675088995,-7.110938032656427e-05,0.005026335639563751,-1.9606179354563456e-05,0.004108253447185463,-3.7865007481494364e-05,0.009706397306342523,-0.00011950602293669607,0.016178180068628777,0.00034697320648334473,0.03647366427833067,0.9961065477642835,0.25427110955348337,0.25360718579075425,NEGATIVE
0.00489429450518619,0.005010412714762151,0.004116082464270785,0.004120848808279387,0.009649398755133735,0.00958496632441872,0.016182960957885142,0.01615317702318291,0.03679088723421698,0.03656228850477017,-0.00011611820957596088,0.004952353609974171,-4.766344008601785e-06,0.004118465636275086,6.443243071501542e-05,0.009617182539776227,2.9783934702230785e-05,0.016168068990534027,0.00022859872944681198,0.03667658786949357,1.0067222281082662,0.2543466828813275,0.2551107300349711,POSITIVE
0.06857061084586494,0.06856633181223284,0.09032280322544603,0.09032280322544603,0.15857426079059542,0.15858115468432887,0.10003599667501085,0.10003775548277703,0.10553240881838243,0.1055294464144217,4.279033632093032e-06,0.06856847132904889,0.0,0.09032280322544603,-6.893893733456169e-06,0.15857770773746216,-1.7588077661778723e-06,0.10003687607889394,2.962403960721227e-06,0.10553092761640206,0.9999565270303219,0.9029030162871212,0.9028871419521974,NEUTRAL
0.0052283124328232995,0.00515598157378716,0.004157705173689515,0.004140876515370166,0.009732777393355355,0.00973168054849419,0.01644093133821549,0.01641860604024497,0.03686876064850089,0.037058219817890425,7.233085903613976e-05,0.00519214700330523,1.6828658319349536e-05,0.00414929084452984,1.096844861164445e-06,0.009732228970924774,2.232529797051991e-05,0.01642976868923023,-0.0001894591693895331,0.03696349023319566,1.0001126984023396,0.25288744675531566,0.25220633712749396,NEUTRAL
0.0049949766290842725,0.004986463771244543,0.00415024072892144,0.004088874232117018,0.00953962402159006,0.009573445370427165,0.016211709727540907,0.016258970768702002,0.03644753877033918,0.036311934412011075,8.512857839729389e-06,0.004990720200164408,6.136649680442245e-05,0.004119557480519229,-3.3821348837104886e-05,0.009556534696008612,-4.7261041161095196e-05,0.016235340248121455,0.00013560435832810774,0.03637973659117513,0.9964671602359275,0.25600265321002075,0.251484196948035,POSITIVE
0.12847938569939651,0.12847502843230396,0.13885260394319804,0.13885260394319804,0.11683147724148771,0.11683859729282028,0.06140039635030127,0.06139969134255002,0.0746520427333392,0.0746486182570015,4.357267092552908e-06,0.12847720706585025,0.0,0.13885260394319804,-7.120051332576427e-06,0.116835037267154,7.050077512477104e-07,0.061400043846425646,3.424476337693383e-06,0.07465033049517035,0.9999390599383128,2.2614284592704244,2.2614544255994926,NEUTRAL
0.021772093410129072,0.021767335390077806,0.00872944209060884,0.00872944209060884,0.014370593065871158,0.01437809102679283,0.02068829436191266,0.02068672803068774,0.04461160152034238,0.044607971900858245,4.7580200512667425e-06,0.02176971440010344,0.0,0.00872944209060884,-7.4979609216707654e-06,0.014374342046331994,1.5663312249204753e-06,0.020687511196300197,3.629619484135649e-06,0.04460978671060031,0.9994785079009759,0.42195078510119927,0.4219827338311245,POSITIVE
0.014148366020248038,0.01414353682105991,0.00937854482925868,0.00937854482925868,0.014488702981626926,0.014496204709001169,0.022577746484996792,0.02257629548490253,0.048306124109466664,0.04830258431424319,4.82919918812913e-06,0.014145951420653974,0.0,0.00937854482925868,-7.50172737424247e-06,0.014492453845314047,1.4510000942609402e-06,0.02257702098494966,3.539795223474196e-06,0.04830435421185493,0.9994824971450745,0.41538887833433497,0.41541557577454835,NEUTRAL
0.004650381122566564,0.004845121697689671,0.004168028078866836,0.004159574221290683,0.009912353251547407,0.009266577047689711,0.016403157309416137,0.01655732926787042,0.036596545999109054,0.03476754972249057,-0.0001947405751231068,0.004747751410128117,8.453857576152732e-06,0.004163801150078759,0.0006457762038576953,0.009589465149618559,-0.00015417195845428278,0.016480243288643278,0.0018289962766184845,0.035682047860799815,1.0696887419772572,0.2540991331628753,0.2512225328658592,NEGATIVE
0.13855532761811723,0.1385511646147024,0.141091992235437,0.141091992235437,0.13407378708167692,0.13408064727519486,0.07545145383818677,0.07545504830830929,0.1021710451750502,0.10216718491405312,4.16300341482545e-06,0.13855324611640982,0.0,0.141091992235437,-6.860193517949087e-06,0.1340772171784359,-3.5944701225198994e-06,0.07545325107324803,3.860260997079479e-06,0.10216911504455166,0.9999488345734283,1.8699704892502924,1.8698814090204683,NEGATIVE
0.013615475179254419,0.013610645971026437,0.01579311714297841,0.01579311714297841,0.02986686263941253,0.02987431075636515,0.046073518725958745,0.0460721731112741,0.09514913604466538,0.09514556533344906,4.82920822798133e-06,0.013613060575140428,0.0,0.01579311714297841,-7.448116952617906e-06,0.02987058669788884,1.3456146846432815e-06,0.04607284591861642,3.570711216316358e-06,0.09514735068905722,0.9997506815474864,0.3427807891695099,0.342790800654347,POSITIVE
0.005021925162356891,0.005045679501906306,0.0040729397904138345,0.004113264446692196,0.00972704349874208,0.00979987231147756,0.01634626150654263,0.0161986847094126,0.03669278299742366,0.036698322309788214,-2.3754339549415457e-05,0.005033802332131599,-4.032465627836195e-05,0.004093102118553016,-7.282881273548009e-05,0.00976345790510982,0.00014757679713003208,0.016272473107977616,-5.539312364556681e-06,0.03669555265360594,0.9925683815382961,0.24916643869101116,0.25392582762657956,NEGATIVE
0.017072316339560883,0.017067494082205804,0.029778605894719756,0.029778605894719756,0.044028559110223735,0.04403588845821952,0.05277542172239588,0.05277664246206594,0.07448095468557148,0.07447768216690513,4.822257355079768e-06,0.017069905210883342,0.0,0.029778605894719756,-7.329347995785329e-06,0.04403222378422163,-1.2207396700575357e-06,0.05277603209223091,3.2725186663445927e-06,0.07447931842623831,0.999833557395212,0.5642514046582731,0.5642383533529964,POSITIVE
0.07051073631378842,0.07050619552067937,0.05173485422908473,0.05173485422908473,0.05856499594670267,0.05857206659168158,0.05655429842522029,0.05655596624350653,0.0905719087074966,0.09056860580907854,4.54079310904798e-06,0.07050846591723389,0.0,0.05173485422908473,-7.070644978908469e-06,0.05856853126919212,-1.667818286234246e-06,0.056555132334363406,3.302898418058864e-06,0.09057025725828757,0.9998792812789733,0.914781998507393,0.9147550218638367,POSITIVE
0.0052190110175097835,0.005217535443724084,0.0042066125790009325,0.0041790043115222855,0.009700972043076865,0.009740134580200455,0.01645933288843795,0.01649395939984053,0.03705116520370275,0.03723570309052679,1.475573785699423e-06,0.005218273230616934,2.7608267478647017e-05,0.004192808445261609,-3.916253712358923e-05,0.00972055331163866,-3.462651140258288e-05,0.01647664614413924,-0.00018453788682403632,0.03714343414711477,0.99597925096424,0.2555761270493717,0.25336574347491814,NEUTRAL
0.1659727372262366,0.1659690518997805,0.08359892311009118,0.08359892311009118,0.039634141217177586,0.03964152294980934,0.03589042850258346,0.03588906980778807,0.06573091882899504,0.0657274787308588,3.6853264560876564e-06,0.16597089456300856,0.0,0.08359892311009118,-7.381732631754623e-06,0.03963783208349346,1.3586947953947437e-06,0.035889749155185766,3.4400981362425753e-06,0.06572919877992692,0.9998137853426449,2.329281827079478,2.329370009445407,POSITIVE
0.013206339753247429,0.013201481672623099,0.00822701933520376,0.00822701933520376,0.013493802773416696,0.013501305476054213,0.019405891296978534,0.019404283341592134,0.0401992681790009,0.04019568598854719,4.8580806243300745e-06,0.013203910712935264,0.0,0.00822701933520376,-7.502702637517122e-06,0.013497554124735455,1.607955386399157e-06,0.019405087319285336,3.582190453710332e-06,0.040197477083774046,0.9994442905839548,0.42394441805877014,0.42397954863767573,NEUTRAL
0.012895722467202617,0.012890881735329509,0.015076946265868066,0.015076946265868066,0.025026921943633765,0.02503430129203053,0.031526584068085,0.031525010679152934,0.058502209693559515,0.0584986289477395,4.8407318731080035e-06,0.012893302101266064,0.0,0.015076946265868066,-7.379348396764629e-06,0.025030611617832148,1.5733889320648786e-06,0.03152579737361896,3.5807458200129427e-06,0.058500419320649505,0.9997052265097713,0.4782296168048159,0.478253484875515,NEUTRAL
0.004684694792942602,0.004733509291342416,0.004119580002721662,0.004138623916502363,0.009548348676322876,0.009601885808860254,0.015791596601923783,0.01610025898228016,0.03593401670221998,0.033551578771341746,-4.881449839981393e-05,0.004709102042142509,-1.9043913780701117e-05,0.004129101959612013,-5.353713253737798e-05,0.009575117242591566,-0.0003086623803563761,0.015945927792101973,0.0023824379308782367,0.034742797736780864,0.9944243002837624,0.26087165727958345,0.25705324960002074,NEGATIVE
0.005359024288390109,0.005237907614682886,0.004227166988742852,0.004177746787389377,0.009837350965789,0.009707411749512024,0.016601563342200996,0.01639309984581835,0.0370758177854011,0.03687306413280725,0.00012111667370722293,0.005298465951536498,4.942020135347523e-05,0.004202456888066115,0.00012993921627697629,0.009772381357650513,0.0002084634963826458,0.016497331594009672,0.00020275365259385392,0.036974440959104175,1.0133855571692374,0.2546246324004304,0.2548478811937617,NEUTRAL
0.017005104753111032,0.017000251889460288,0.01830641488003592,0.01830641488003592,0.030819717259640902,0.030827121551161803,0.033713513005223406,0.03371239636404079,0.066890306742209,0.06688679261876872,4.852863650744305e-06,0.017002678321285658,0.0,0.01830641488003592,-7.404291520900219e-06,0.030823419405401353,1.1166411826163403e-06,0.0337129546846321,3.514123440281902e-06,0.06688854968048885,0.9997598091834622,0.5429993256086864,0.5430173111413895,NEUTRAL
0.020115595845471082,0.020110731789385668,0.07192288313547404,0.07192288313547404,0.07332485914849833,0.07333199359784613,0.07019973367008009,0.07019890371624343,0.10318529460242175,0.10318209240061542,4.864056085414348e-06,0.020113163817428375,0.0,0.07192288313547404,-7.134449347800942e-06,0.07332842637317223,8.299538366562942e-07,0.07019931869316176,3.2022018063293523e-06,0.10318369350151858,0.999902708913422,1.02454638034722,1.0245584934451883,POSITIVE
0.04037037286498687,0.040365638618462145,0.012593815360623211,0.012593815360623211,0.019035309209257403,0.01904276754563957,0.025268855213105783,0.025267242723010053,0.05073745892130908,0.050733918341770726,4.73424652472354e-06,0.04036800574172451,0.0,0.012593815360623211,-7.45833638216703e-06,0.019039038377448487,1.6124900957294186e-06,0.02526804896805792,3.5405795383511296e-06,0.050735688631539905,0.9996083323327281,0.49839279241475504,0.49842459855392035,NEGATIVE
0.0049148588242188965,0.00514356525526906,0.0039321487682229235,0.004115850875118161,0.009538135719073358,0.009709145802258772,0.016163399948326714,0.01635068923349183,0.03680107315337315,0.03637806461593063,-0.00022870643105016384,0.005029212039743979,-0.00018370210689523745,0.004023999821670543,-0.00017101008318541437,0.009623640760666064,-0.00018728928516511742,0.01625704459090927,0.00042300853744252354,0.03658956888465189,0.9823866913828507,0.24327485284446645,0.2517233855509372,NEGATIVE
0.06794433645631959,0.06793980245022387,0.06038735189111818,0.06038735189111818,0.059508377917121845,0.059515537026032655,0.05169486568406573,0.051694070862283725,0.08152208213174239,0.08151860343514684,4.534006095721632e-06,0.06794206945327172,0.0,0.06038735189111818,-7.159108910810563e-06,0.059511957471577254,7.948217820019643e-07,0.051694468273174726,3.478696595546338e-06,0.08152034278344461,0.999879708572643,1.1681498921645677,1.1681678530440582,POSITIVE
0.027591075306720763,0.027586267836302882,0.04440014065489363,0.04440014065489363,0.04912182810811022,0.04912914821588296,0.05918324085188909,0.05918187712356005,0.08986819457435902,0.08986460590214557,4.807470417880766e-06,0.027588671571511823,0.0,0.04440014065489363,-7.320107772740281e-06,0.04912548816199659,1.3637283290401925e-06,0.05918255898772457,3.5886722134503835e-06,0.08986640023825229,0.9998510007190502,0.7502147557445721,0.7502320429473995,NEGATIVE
0.04741949722914596,0.04741470361372163,0.009050523793442119,0.009050523793442119,0.014949333700359084,0.0149568312891004,0.022439439755675628,0.022437928324970744,0.0460294461709007,0.04602591367463811,4.793615424325548e-06,0.047417100421433794,0.0,0.009050523793442119,-7.4975887413165215e-06,0.014953082494729743,1.5114307048841313e-06,0.022438684040323186,3.532496262587115e-06,0.046027679922769404,0.9994987114218069,0.40333109256080474,0.40335826115613965,POSITIVE
0.06513148761666555,0.0651270015705146,0.017759243565593212,0.017759243565593212,0.02135523032786651,0.021362696724360895,0.028220883021709345,0.028219832283771694,0.05774883053525091,0.057745302711972715,4.486046150956047e-06,0.06512924459359007,0.0,0.017759243565593212,-7.466396494383576e-06,0.021358963526113703,1.0507379376509252e-06,0.02822035765274052,3.527823278191844e-06,0.057747066623611815,0.9996504890484674,0.6292943948281917,0.629317825991269,NEGATIVE
0.004766563632990689,0.0049523538823453795,0.004160358934227826,0.004116544647766786,0.009655113819440715,0.009644558306710533,0.01626170933558583,0.016188006619963374,0.03656467212437434,0.03724737908667883,-0.00018579024935469046,0.004859458757668035,4.3814286461039444e-05,0.0041384517909973054,1.0555512730181862e-05,0.009649836063075623,7.370271562245553e-05,0.0162248579777746,-0.0006827069623044912,0.03690602560552658,1.001094442304672,0.255837736537318,0.25429595619639694,POSITIVE
0.005183094296045275,0.00519870159829193,0.00413110861968633,0.00417102484458169,0.009762187410663871,0.009702973786184683,0.016465837630660923,0.016447248106931486,0.0371063102335994,0.03699409059757704,-1.5607302246654735e-05,0.005190897947168602,-3.991622489536023e-05,0.00415106673213401,5.921362447918778e-05,0.009732580598424277,1.85895237294377e-05,0.016456542868796206,0.00011221963602236346,0.03705020041558822,1.0061026160818074,0.25088967152845315,0.25360016411887454,NEUTRAL
0.005119433546664321,0.0051350836190464915,0.004139501421038779,0.004149925952873524,0.009827855650163031,0.00977906176647049,0.016576154644582716,0.016509107831583627,0.036885754274530475,0.037095095609836023,-1.5650072382170435e-05,0.005127258582855406,-1.0424531834744843e-05,0.004144713686956151,4.879388369254112e-05,0.00980345870831676,6.704681299908935e-05,0.016542631238083173,-0.000209341335305549,0.03699042494218325,1.0049896180593603,0.2497262775850724,0.2513719075598438,NEUTRAL
0.02625725707520477,0.02625257183843136,0.039451083321800744,0.039451083321800744,0.05190760687050229,0.05191482776073006,0.04940246022794652,0.04940133037816741,0.07974868981509133,0.07974528327901677,4.6852367734072364e-06,0.026254914456818067,0.0,0.039451083321800744,-7.220890227768728e-06,0.051911217315616175,1.129849779110681e-06,0.04940189530305696,3.4065360745572093e-06,0.07974698654705405,0.9998609069792711,0.798565153636359,0.7985834174898566,POSITIVE
0.0049862437335029125,0.00502449027413755,0.004002981710303942,0.003983274747479398,0.009407021894036766,0.00947937605727284,0.01594299638333864,0.015934027544529484,0.03578626007859364,0.035639061172439854,-3.8246540634637345e-05,0.005005367003820231,1.9706962824543595e-05,0.00399312822889167,-7.235416323607413e-05,0.009443198975654803,8.968838809155638e-06,0.01593851196393406,0.00014719890615378511,0.03571266062551674,0.9923671914653833,0.2510808877419807,0.2499854296943527,POSITIVE
0.05789989983085813,0.05789531201917862,0.024624109852214707,0.024624109852214707,0.031219581478758654,0.03122704160387043,0.03643264699503298,0.03643158500391018,0.06668424515353383,0.0666808255996263,4.587811679508669e-06,0.05789760592501837,0.0,0.024624109852214707,-7.460125111775906e-06,0.031223311541314542,1.0619911227985335e-06,0.036432115999471576,3.4195539075215775e-06,0.06668253537658006,0.9997610972828447,0.6758803385321902,0.6759000406373155,POSITIVE
0.018422117817423405,0.018417300084749327,0.012655385215216062,0.012655385215216062,0.02232183914625669,0.02232932638772346,0.02838370396557525,0.028382558300437104,0.05563977754105705,0.055636188213201224,4.817732674078368e-06,0.018419708951086366,0.0,0.012655385215216062,-7.4872414667706555e-06,0.022325582766990076,1.1456651381469563e-06,0.028383131133006178,3.5893278558241093e-06,0.055637982877129136,0.999664685745408,0.4458679947472027,0.4458859922585824,POSITIVE
0.015197366564103856,0.015192520448675152,0.006603543288987034,0.006603543288987034,0.013573514953791919,0.013581013514374686,0.020654140735443655,0.02065261790740768,0.040920390554832,0.04091681606027486,4.846115428704112e-06,0.015194943506389504,0.0,0.006603543288987034,-7.4985605827675855e-06,0.013577264234083303,1.5228280359769197e-06,0.020653379321425667,3.574494557137542e-06,0.04091860330755343,0.9994478570749071,0.31972006686692994,0.3197436415382532,NEUTRAL
0.005039320001082802,0.004988289452937868,0.004120562323277448,0.004099905097166888,0.009556832530891384,0.009547071819308126,0.01623962298237351,0.016074756687243768,0.03616412147616772,0.03626903319092032,5.1030548144934476e-05,0.005013804727010335,2.065722611055941e-05,0.004110233710222168,9.760711583258613e-06,0.009551952175099755,0.00016486629512974318,0.01615718983480864,-0.00010491171475260352,0.03621657733354402,1.0010223670320864,0.25373509609037087,0.2550523875061298,POSITIVE
0.020773792161537824,0.020768950189346547,0.02780376759538241,0.02780376759538241,0.04327284589324479,0.04328005669571502,0.04085043642842194,0.04085092348699193,0.06752916066301584,0.06752564448081992,4.841972191277355e-06,0.020771371175442185,0.0,0.02780376759538241,-7.210802470229705e-06,0.043276451294479906,-4.870585699895402e-07,0.040850679957706935,3.5161821959200923e-06,0.06752740257191789,0.9998333897179418,0.68062351245715,0.6806153974995048,NEGATIVE
0.01579805749895344,0.015793236775983106,0.02012682513165946,0.02012682513165946,0.030999816287535918,0.03100725896863001,0.03830739738133217,0.03830701233600673,0.09069050981791411,0.09068742639363092,4.8207229703320365e-06,0.015795647137468272,0.0,0.02012682513165946,-7.442681094090714e-06,0.031003537628082965,3.8504532543642833e-07,0.03830720485866945,3.0834242831928593e-06,0.09068896810577251,0.9997599664943742,0.525403093265931,0.5254083743879024,NEGATIVE
0.02245333918125091,0.022448553852688766,0.010820055370447135,0.010820055370447135,0.018423192286161186,0.018430656910874903,0.02357411298966121,0.023572456055286746,0.04779428282179718,0.04779073893407565,4.785328562142976e-06,0.022450946516969838,0.0,0.010820055370447135,-7.46462471371695e-06,0.018426924598518045,1.6569343744624043e-06,0.023573284522473977,3.5438877215299147e-06,0.047792510877936414,0.9995949832548393,0.4589803794227337,0.4590126416682485,NEUTRAL
0.005237727979545986,0.005182573456636284,0.004224786999060244,0.0041655900865993425,0.00975449402086997,0.009746841678403948,0.01655464562628294,0.016493695431344938,0.03696917421279811,0.03689454542896226,5.5154522909702484e-05,0.005210150718091135,5.919691246090118e-05,0.004195188542829793,7.652342466021173e-06,0.009750667849636959,6.095019493800036e-05,0.01652417052881394,7.462878383585059e-05,0.03693185982088019,1.0007850996907508,0.2552025013952894,0.25255650431299487,NEUTRAL
0.00516146760231861,0.005225225939640203,0.004173954392363086,0.004209216299400055,0.009733075380321,0.00974877060939418,0.01649627157867007,0.016445763669308413,0.03711392212009071,0.03706756471237462,-6.37583373215931e-05,0.005193346770979407,-3.5261907036968944e-05,0.004191585345881571,-1.569522907318016e-05,0.00974092299485759,5.050790936165714e-05,0.01647101762398924,4.635740771608693e-05,0.03709074341623267,0.9983900196710899,0.25302410591116004,0.2559453217524274,NEUTRAL
0.01593123541193114,0.015926429700202784,0.01135909090919567,0.01135909090919567,0.01697775818600732,0.016985243276519332,0.02527874000170594,0.025277238061238508,0.05210806334121822,0.052104493795085555,4.805711728356893e-06,0.01592883255606696,0.0,0.01135909090919567,-7.485090512012599e-06,0.016981500731263324,1.5019404674306014e-06,0.02527798903147222,3.569546132668744e-06,0.05210627856815189,0.9995593121425412,0.44935352250522564,0.44938022250446324,POSITIVE
0.005038118659759767,0.004978928464957237,0.004108020664531081,0.004059512760934156,0.009551168724555244,0.009573404646905098,0.016020854092648355,0.01627082633381353,0.036258614210340594,0.036469278525170214,5.919019480252977e-05,0.005008523562358503,4.850790359692443e-05,0.0040837667127326185,-2.22359223498534e-05,0.00956228668573017,-0.0002499722411651757,0.01614584021323094,-0.00021066431482962,0.036363946367755404,0.9976773130419414,0.2564170808330662,0.24949640864570968,POSITIVE
0.005019474244126534,0.004997741431824833,0.004080543209597845,0.0040496628632368335,0.009576618748858049,0.009550147308876693,0.01601616952655209,0.016081443191422285,0.035873466147312086,0.03594162723557801,2.17328123017016e-05,0.005008607837975684,3.088034636101154e-05,0.004065103036417339,2.6471439981355302e-05,0.009563383028867372,-6.527366487019473e-05,0.016048806358987186,-6.816108826592643e-05,0.03590754669144505,1.0027718252764088,0.25477647307337437,0.2518221026465262,POSITIVE
0.004715159801804327,0.004791872811218855,0.004002377423081202,0.0042185800166538254,0.009299769550151632,0.009637534946517921,0.016493099802818642,0.016209275384125383,0.037161227871026124,0.03635928655213074,-7.671300941452814e-05,0.0047535163065115914,-0.00021620259357262375,0.0041104787198675136,-0.00033776539636628904,0.009468652248334777,0.0002838244186932591,0.01635118759347201,0.0008019413188953828,0.03676025721157843,0.9649531239330409,0.24266981020330824,0.26025716083271627,NEGATIVE
0.0048636056611551385,0.00496866533076195,0.004433100716206775,0.004191996820582062,0.010390902878630934,0.00960042865354533,0.01659547243582903,0.016167128440986032,0.03643013682252912,0.03597664528788622,-0.0001050596696068112,0.004916135495958544,0.00024110389562471274,0.004312548768394419,0.000790474225085604,0.009995665766088131,0.00042834399484299734,0.01638130043840753,0.0004534915346428997,0.03620339105520767,1.0823373773586613,0.26712711594296995,0.2592913645706928,POSITIVE
0.005210726105214999,0.005135297457056939,0.00421622912489275,0.004165077328907593,0.00986913529696571,0.00974847210295445,0.016727356033426205,0.01606082741059552,0.0370893176333036,0.03678828631969646,7.542864815805999e-05,0.005173011781135968,5.1151795985157275e-05,0.004190653226900171,0.0001206631940112602,0.00980880369996008,0.0006665286228306859,0.01639409172201086,0.00030103131360714047,0.03693880197650003,1.0123776414908063,0.25205591913401526,0.25933142773371054,NEUTRAL
0.01914040483676251,0.019135606717373032,0.024008688911522594,0.024008688911522594,0.038040609741925496,0.03804796108951691,0.03559739685379241,0.03559592059737579,0.07491917384681629,0.07491590881251194,4.798119389477773e-06,0.01913800577706777,0.0,0.024008688911522594,-7.351347591416646e-06,0.038044285415721205,1.4762564166173608e-06,0.035596658725584096,3.2650343043533203e-06,0.0749175413296641,0.9998067847169313,0.6744506892649296,0.6744786605082128,NEGATIVE
0.023599161327105798,0.02359437562739995,0.011431689894230584,0.011431689894230584,0.01916791873736592,0.01917530285215208,0.02634706390421395,0.02634575977348867,0.050907353436535956,0.05090379804423645,4.7856997058490225e-06,0.023596768477252873,0.0,0.011431689894230584,-7.384114786158913e-06,0.019171610794759,1.3041307252818768e-06,0.026346411838851308,3.555392299507687e-06,0.050905575740386205,0.9996149101370349,0.4338885688516261,0.4339100465928909,NEGATIVE
0.10890188997352301,0.10889747175122018,0.01659805025258038,0.01659805025258038,0.022875052978673534,0.022882491496726814,0.029260323478932756,0.029258914897239575,0.05560805040945287,0.05560448986231639,4.418222302834951e-06,0.10889968086237159,0.0,0.01659805025258038,-7.4385180532793305e-06,0.022878772237700174,1.408581693181088e-06,0.029259619188086165,3.56054713647469e-06,0.05560627013588463,0.999674920975199,0.5672545010585894,0.5672818098055351,NEGATIVE
0.005180412581075292,0.005221974457247875,0.0041952458113580105,0.004148714169386,0.009792071417634857,0.009718169951834433,0.016429050421605557,0.016510580514236723,0.03703970972554328,0.03700407392003728,-4.1561876172583126e-05,0.005201193519161583,4.65316419720101e-05,0.004171979990372006,7.390146580042375e-05,0.009755120684734645,-8.153009263116642e-05,0.016469815467921138,3.563580550600132e-05,0.03702189182279028,1.0076044528348702,0.255355341797806,0.2512760917571034,NEUTRAL
0.022754684299127418,0.02274987460755298,0.03191575953785887,0.03191575953785887,0.04745803147759936,0.04746539596899049,0.052108429623965745,0.05210876263190379,0.08109724560593222,0.0810938481673278,4.8096915744380575e-06,0.0227522794533402,0.0,0.03191575953785887,-7.364491391131933e-06,0.04746171372329493,-3.3300793804424966e-07,0.05210859612793477,3.3974386044188787e-06,0.08109554688663001,0.9998448429382022,0.6124874556175726,0.6124835414355045,NEUTRAL
0.016253336481600236,0.016248573512908523,0.011100499606074158,0.011100499606074158,0.020497157655504576,0.02050464663575188,0.029917471529508605,0.029916048934410657,0.06337652473808271,0.06337295332036628,4.762968691712083e-06,0.01625095499725438,0.0,0.011100499606074158,-7.488980247303406e-06,0.020500902145628226,1.4225950979475377e-06,0.029916760231959633,3.571417716424774e-06,0.0633747390292245,0.9996347618008826,0.3710373571517107,0.37105500105665395,POSITIVE
0.004985854549250345,0.00491851032690714,0.004012448691359671,0.004033287459303524,0.009466353406092276,0.00943122838108226,0.016025619834798818,0.015973434031719663,0.03563371288028011,0.03551579174128027,6.734422234320504e-05,0.004952182438078743,-2.083876794385306e-05,0.0040228680753315975,3.512502501001706e-05,0.009448790893587269,5.218580307915499e-05,0.01599952693325924,0.00011792113899983941,0.035574752310780194,1.0037243212886289,0.250377127854308,0.2524997083309918,POSITIVE
0.005032068897037859,0.0050128442525700905,0.004096711185309643,0.004037501642701512,0.00952401106999445,0.00951094506846198,0.01605968651977479,0.016093917136773616,0.03597967083708416,0.03610162815848836,1.922464446776819e-05,0.005022456574803975,5.9209542608130473e-05,0.004067106414005577,1.306600153246941e-05,0.009517478069228216,-3.423061699882671e-05,0.0160768018282742,-0.00012195732140420079,0.03604064949778626,1.0013737752979375,0.25509284722064474,0.25087128157190147,POSITIVE
0.04678342057054362,0.046778928679123775,0.043588813730595206,0.043588813730595206,0.048312160665955436,0.04831956411756172,0.041564690297907284,0.04156300743538111,0.07261933009223413,0.0726157188463131,4.491891419843019e-06,0.046781174624833693,0.0,0.043588813730595206,-7.403451606283196e-06,0.04831586239175858,1.6828625261713914e-06,0.0415638488666442,3.611245921034123e-06,0.07261752446927361,0.9998467794210033,1.048698145308207,1.0487406064994116,NEUTRAL
0.011808454171563927,0.011803602694468559,0.007762842159481849,0.007762842159481849,0.013887416654597948,0.013894930582189123,0.019941649588054163,0.019939984307529628,0.042135827491748865,0.04213230834944002,4.851477095368581e-06,0.011806028433016244,0.0,0.007762842159481849,-7.513927591174668e-06,0.013891173618393536,1.665280524535545e-06,0.019940816947791894,3.519142308845702e-06,0.042134067920594445,0.9994592252553799,0.3892778321209853,0.3893103425171429,POSITIVE
0.008201448898788813,0.008196579320264963,0.04241040928249187,0.04241040928249187,0.06749002653755047,0.06749732769702138,0.06945696686056546,0.06945627763753297,0.11332351289200181,0.11331988240713298,4.869578523849713e-06,0.008199014109526889,0.0,0.04241040928249187,-7.301159470909924e-06,0.06749367711728593,6.892230324934134e-07,0.06945662224904922,3.6304848688301083e-06,0.1133216976495674,0.9998918289107258,0.6105997877300141,0.6106058467854523,POSITIVE
0.0049753146178662016,0.004907357391387472,0.004085594204277678,0.004080697340206235,0.009618718602990971,0.009780552379857373,0.016267948975237898,0.016305796199202124,0.03668168285853904,0.036358829993276415,6.795722647872943e-05,0.004941336004626836,4.896864071442762e-06,0.004083145772241956,-0.00016183377686640119,0.009699635491424172,-3.784722396422621e-05,0.01628687258722001,0.0003228528652626239,0.03652025642590773,0.983453503552106,0.2511437788120769,0.2502605371321799,NEGATIVE
0.005048762603821966,0.00516832819543389,0.004084844735606286,0.004020965335856267,0.009573022242249629,0.009530758787812626,0.01608684397581122,0.016133123581376876,0.036002391401716516,0.036383091167703344,-0.00011956559161192381,0.005108545399627929,6.387939975001887e-05,0.004052905035731276,4.2263454437002634e-05,0.009551890515031128,-4.627960556565641e-05,0.016109983778594048,-0.00038069976598682775,0.03619274128470993,1.0044344164965757,0.25392455576469536,0.24923662740513364,POSITIVE
0.01940131541279229,0.019396492629783737,0.023966148163887677,0.023966148163887677,0.03701292945325776,0.037020309206556766,0.037303379665226566,0.03730212214714024,0.06955003436086174,0.06954680984865352,4.822783008551906e-06,0.019398904021288015,0.0,0.023966148163887677,-7.379753299008307e-06,0.03701661932990726,1.2575180863283464e-06,0.0373027509061834,3.2245122082164013e-06,0.06954842210475763,0.9998006539265272,0.6424658654181362,0.6424875240369209,POSITIVE
0.005096659569006632,0.0050125931265526,0.004037919560004025,0.004061035404244986,0.009522875558853216,0.009598454385240162,0.016044915680816646,0.01605103333408873,0.03608768161118841,0.03585242461670601,8.406644245403157e-05,0.005054626347779615,-2.3115844240960762e-05,0.004049477482124505,-7.557882638694648e-05,0.00956066497204669,-6.11765327208566e-06,0.01604797450745269,0.0002352569944823954,0.035970053113947215,0.9921259275122712,0.25166349360535595,0.2530077219589035,POSITIVE
0.005031776087933003,0.00495848385197058,0.003967348343830313,0.003972309461382688,0.009437367111725194,0.009496112276594849,0.0159917516967315,0.013897248656323379,0.035801428609413224,0.03702453631715347,7.329223596242319e-05,0.004995129969951792,-4.961117552375327e-06,0.003969828902606501,-5.874516486965506e-05,0.009466739694160021,0.0020945030404081223,0.01494450017652744,-0.0012231077077402425,0.036412982463283346,0.9938137563520789,0.24808716357398602,0.2858342346052668,POSITIVE
0.01747229901346293,0.01746754275156858,0.016425399667964392,0.016425399667964392,0.026164303462407355,0.02617176771143694,0.03166840049083519,0.03166736716330672,0.06378444600698865,0.06378097196410751,4.7562618943480794e-06,0.017469920882515755,0.0,0.016425399667964392,-7.4642490295838415e-06,0.02616803558692215,1.0333275284740706e-06,0.031667883827070954,3.4740428811463886e-06,0.06378270898554808,0.9997147938540735,0.5186684316705874,0.5186853561709457,POSITIVE
0.005027050013206967,0.005372355687724023,0.004022294790628355,0.0041985679475312395,0.009172477282639587,0.009732443527045052,0.015247191407646883,0.015946190701260063,0.038070927771266846,0.03567721118261436,-0.00034530567451705654,0.005199702850465495,-0.00017627315690288414,0.0041104313690797974,-0.0005599662444054649,0.009452460404842319,-0.0006989992936131794,0.015596691054453472,0.002393716588652485,0.03687406947694061,0.9424639519257632,0.2638056187994402,0.26329598083069905,POSITIVE
0.07225915026166141,0.07225495433117703,0.052513889331357845,0.052513889331357845,0.05693759190780078,0.056944892891454664,0.03993366320833719,0.03993163342933081,0.07446664040693823,0.07446324771302691,4.195930484382493e-06,0.07225705229641921,0.0,0.052513889331357845,-7.30098365388232e-06,0.05694124239962772,2.0297790063808496e-06,0.039932648318834,3.392693911322131e-06,0.07446494405998258,0.9998717868579544,1.315028098621601,1.315094943280621,NEGATIVE
0.0277806133797443,0.027775908701185344,0.01781058135377151,0.01781058135377151,0.030378562490328255,0.030385950955629015,0.03537383138917067,0.035372617408500284,0.06450601847515673,0.06450256600379495,4.70467855895676e-06,0.027778261040464824,0.0,0.01781058135377151,-7.388465300760261e-06,0.030382256722978635,1.2139806703850842e-06,0.03537322439883547,3.4524713617839486e-06,0.06450429223947585,0.9997568427169768,0.5034959630885344,0.5035132429623425,POSITIVE
0.004898849050393612,0.00473423611579459,0.004113541599553065,0.004143958777961391,0.009691559947822172,0.009879508449397851,0.016165836863981556,0.01625618581990912,0.036416386891897835,0.0361855720681329,0.00016461293459902205,0.004816542583094101,-3.0417178408325904e-05,0.004128750188757228,-0.00018794850157567884,0.009785534198610012,-9.034895592756331e-05,0.016211011341945337,0.00023081482376493406,0.03630097948001537,0.980975915893394,0.25445893143165305,0.2549158085652946,POSITIVE
0.005140987926754652,0.005207676562199127,0.004134126461465308,0.004051464403177355,0.00972841325191025,0.009713467015163074,0.01649662416170431,0.016459134492321222,0.036796891170436406,0.03677326220715622,-6.668863544447533e-05,0.0051743322444768895,8.26620582879533e-05,0.004092795432321331,1.494623674717574e-05,0.009720940133536662,3.7489669383088814e-05,0.016477879327012765,2.3628963280189486e-05,0.03678507668879631,1.0015387025631501,0.25060439007890695,0.24615294203059182,NEUTRAL
0.005010189600749393,0.005013106386410116,0.00415712688106695,0.004166909743553166,0.009630611844753317,0.00969061910666293,0.016246241151424257,0.016144732457443474,0.03625395140737337,0.036715205033660166,-2.916785660723488e-06,0.005011647993579754,-9.782862486215974e-06,0.004162018312310058,-6.0007261909612863e-05,0.009660615475708123,0.00010150869398078272,0.016195486804433865,-0.000461253626286795,0.03648457822051677,0.993807685491516,0.25588238022148707,0.2580971675267563,POSITIVE
0.004996135481472288,0.004977491493017548,0.004067882369900055,0.004077732117097536,0.009421296645918219,0.009522604879178654,0.015932759707176985,0.016017936794926874,0.035980186297840736,0.03587552286344735,1.8643988454739545e-05,0.004986813487244918,-9.849747197481114e-06,0.004072807243498795,-0.00010130823326043488,0.009471950762548437,-8.517708774988947e-05,0.01597534825105193,0.00010466343439338721,0.03592785458064404,0.9893612794522143,0.2553156150679971,0.25457286689579955,POSITIVE
0.005085959136759513,0.0051312016620288095,0.00417340825343913,0.004126928831608447,0.009739416480109788,0.009767067477612672,0.016520348583733913,0.01652439984853096,0.036838515427295965,0.037069732658575744,-4.5242525269296834e-05,0.0051085803993941616,4.6479421830682675e-05,0.004150168542523789,-2.7650997502884703e-05,0.009753241978861231,-4.051264797046844e-06,0.016522374216132438,-0.0002312172312797789,0.036954124042935854,0.9971689458188797,0.2526222862080572,0.24974757597629657,NEUTRAL
0.026311575164210555,0.026306795668727716,0.01591323948889828,0.01591323948889828,0.022922444707249627,0.022929918870495444,0.028903755419347553,0.028901986232585542,0.06315001456439102,0.06314669004757151,4.77949548283868e-06,0.026309185416469136,0.0,0.01591323948889828,-7.47416324581654e-06,0.022926181788872534,1.7691867620107937e-06,0.02890287082596655,3.324516819516732e-06,0.06314835230598126,0.9996740388286833,0.5505595796451537,0.5505932812291485,POSITIVE
0.005027368713716287,0.0050504547064244175,0.004030980986973324,0.003996827210108613,0.009544814089165667,0.009531241550621676,0.01598322520322715,0.01613720765186185,0.035861751618767444,0.03647557112307024,-2.3085992708130054e-05,0.005038911710070352,3.415377686471089e-05,0.004013904098540969,1.3572538543990542e-05,0.009538027819893671,-0.00015398244863469926,0.016060216427544502,-0.0006138195043027955,0.03616866137091884,1.0014239947995764,0.2522007236023529,0.24767774397943623,POSITIVE
0.32205043207097633,0.3220491972441045,0.3255013722507405,0.3255013722507405,0.17256433788335915,0.17257151418119615,0.06693900854699232,0.06693838019455152,0.10374734295277065,0.10374436389940232,1.2348268718098687e-06,0.32204981465754046,0.0,0.3255013722507405,-7.1762978370026875e-06,0.17256792603227766,6.28352440801283e-07,0.06693869437077192,2.979053368323825e-06,0.10374585342608648,0.9999584149338498,4.862656003277483,4.8627016491648645,NEUTRAL
0.014967164346121687,0.014962333281690434,0.017848181584989357,0.017848181584989357,0.02745133565857985,0.027458745340584692,0.033252496368695726,0.033251374966954586,0.06525757589154342,0.06525378006592658,4.83106443125228e-06,0.01496474881390606,0.0,0.017848181584989357,-7.409682004841378e-06,0.02745504049958227,1.1214017411401156e-06,0.03325193566782515,3.7958256168396654e-06,0.065255677978735,0.9997301485597412,0.5367471161689118,0.5367652179511513,NEUTRAL
0.04073166130184513,0.04072733147812362,0.041826616373732854,0.041826616373732854,0.058927475520852146,0.05893449482934821,0.04902703237703645,0.0490253839156048,0.07221838892982885,0.07221505600635378,4.329823721505033e-06,0.040729496389984375,0.0,0.041826616373732854,-7.019308496065968e-06,0.058930985175100176,1.6484614316497614e-06,0.049026208146320624,3.332923475068972e-06,0.07221672246809131,0.9998808947373778,0.853133756225687,0.8531624425505657,NEGATIVE
0.019782536067639335,0.019777718838999203,0.02685519525612769,0.02685519525612769,0.04203469707709848,0.04204192554780361,0.05335176357153392,0.0533513688144508,0.09231512856000906,0.09231139216864166,4.817228640131843e-06,0.01978012745331927,0.0,0.02685519525612769,-7.228470705125667e-06,0.042038311312451046,3.9475708311920155e-07,0.05335156619299236,3.736391367401004e-06,0.09231326036432536,0.9998280628065022,0.5033609651869185,0.5033646896519213,NEUTRAL
0.01149155354013095,0.011486725297855153,0.006293690154934103,0.006293690154934103,0.012516590159751704,0.012524086304146413,0.019589613160967124,0.019588010640483454,0.041677128883820656,0.04167350902446642,4.828242275796771e-06,0.011489139418993051,0.0,0.006293690154934103,-7.4961443947089285e-06,0.01252033823194906,1.6025204836699058e-06,0.01958881190072529,3.6198593542369206e-06,0.04167531895414354,0.9994014537944879,0.321276896643716,0.3213031807220036,POSITIVE
0.014954057722531451,0.014949279475966458,0.011556842677056183,0.011556842677056183,0.018633674515016102,0.01864115521281978,0.026525391322509435,0.02652415106784489,0.05449414404007057,0.05449076500542104,4.7782465649928024e-06,0.014951668599248954,0.0,0.011556842677056183,-7.480697803676634e-06,0.018637414863917942,1.24025466454597e-06,0.02652477119517716,3.379034649531043e-06,0.05449245452274581,0.9995986945187602,0.43568980728589934,0.4357101799007424,POSITIVE
0.0965753392523697,0.09657120689470323,0.06233591350854919,0.06233591350854919,0.09661720187103137,0.09662441800462225,0.09438502812292808,0.09438617878014195,0.10002270142259093,0.10001948219251655,4.132357666469799e-06,0.09657327307353647,0.0,0.06233591350854919,-7.216133590878804e-06,0.09662080993782682,-1.150657213871975e-06,0.09438560345153502,3.219230074374968e-06,0.10002109180755374,0.9999253166670244,0.6604428126176743,0.6604347611921827,POSITIVE
0.005194138892975329,0.005166765139172673,0.004169628615481291,0.004174246151456736,0.009831820767365447,0.009795912509267233,0.016457569500445624,0.016503524376798,0.03712422285324357,0.037075329733580346,2.7373753802656386e-05,0.005180452016074001,-4.617535975445612e-06,0.004171937383469014,3.59082580982141e-05,0.00981386663831634,-4.595487635237691e-05,0.01648054693862181,4.8893119663225015e-05,0.03709977629341196,1.003665626627196,0.2533562802230767,0.2529305880889401,NEUTRAL
0.10918564508479021,0.10918127603414796,0.02739459519483206,0.02739459519483206,0.03589161447984504,0.035898899985994846,0.030765539925256272,0.03076458387914678,0.05568485617120418,0.05568143976183495,4.369050642258343e-06,0.10918346055946909,0.0,0.02739459519483206,-7.285506149805332e-06,0.03589525723291995,9.560461094910988e-07,0.030765061902201525,3.4164093692320985e-06,0.05568314796651956,0.9997970521065449,0.890431150317631,0.8904588215267593,NEGATIVE
0.033322423051162654,0.033317754718804486,0.028025236986265946,0.028025236986265946,0.03399062790712688,0.033997980004931275,0.03296273511189941,0.0329616880009444,0.054817756699866174,0.05481417802798373,4.6683323581681035e-06,0.03332008888498357,0.0,0.028025236986265946,-7.352097804391722e-06,0.03399430395602908,1.0471109550130864e-06,0.03296221155642191,3.5786718824426522e-06,0.05481596736392495,0.9997837460407442,0.8502096930399438,0.8502367020899935,POSITIVE
0.004805154895423353,0.004905233264262619,0.004056813720997547,0.0041094201180103245,0.009653983879215823,0.009761583539822316,0.015914422134517575,0.016273771766186385,0.036434178420107724,0.03618814188294781,-0.00010007836883926553,0.0048551940798429866,-5.260639701277787e-05,0.004083116919503936,-0.00010759966060649301,0.00970778370951907,-0.0003593496316688094,0.01609409695035198,0.00024603653715991186,0.03631116015152777,0.9889772228998234,0.25491429479598215,0.2525179873357369,NEGATIVE
0.01333976609048701,0.013334925441761257,0.018460821695765135,0.018460821695765135,0.025561880664086586,0.02556930264231643,0.032062479984163866,0.032061254071320655,0.06246334610721859,0.06245983452600065,4.840648725752683e-06,0.013337345766124133,0.0,0.018460821695765135,-7.421978229844861e-06,0.02556559165320151,1.2259128432112743e-06,0.03206186702774226,3.511581217939541e-06,0.062461590316609625,0.9997097269994163,0.5757764729149324,0.575798488640493,POSITIVE
0.004991346678287917,0.004934241158548236,0.004088874232117018,0.004075173247581405,0.00956590465683074,0.0095522703148885,0.016260759468148284,0.016270808806025373,0.03631550492499355,0.03649387188904622,5.7105519739680984e-05,0.004962793918418076,1.3700984535612928e-05,0.004082023739849211,1.3634341942238629e-05,0.00955908748585962,-1.0049337877088976e-05,0.016265784137086826,-0.00017836696405267027,0.03640468840701989,1.0014273299802094,0.251456533440562,0.2504591671574666,POSITIVE
0.02310192756401272,0.02309710635073785,0.01414167532759909,0.01414167532759909,0.021846991678182805,0.021854394676826604,0.02964363023530116,0.02964208072661053,0.057578808228372275,0.05757521384302144,4.821213274868591e-06,0.023099516957375284,0.0,0.01414167532759909,-7.402998643799702e-06,0.021850693177504703,1.5495086906312794e-06,0.029642855480955847,3.5943853508371704e-06,0.05757701103569686,0.9996612535501714,0.4770561219270925,0.4770810595355947,POSITIVE
0.02195541057342284,0.02195070690695139,0.013473948585549794,0.013473948585549794,0.020212136541101513,0.020219623662543134,0.028552685865607535,0.02855144234662155,0.05706823252195031,0.05706470894469039,4.703666471449208e-06,0.021953058740187114,0.0,0.013473948585549794,-7.487121441621114e-06,0.020215880101822323,1.2435189859841267e-06,0.028552064106114543,3.523577259925692e-06,0.05706647073332035,0.9996297052047283,0.4718977612747018,0.4719183141356189,POSITIVE
0.005124739076376594,0.004986543942908742,0.004049775593942905,0.004008583141813827,0.00951182347150408,0.009498021964180576,0.015987915498826305,0.016007526155298997,0.035863775821815,0.036078244432258946,0.00013819513346785203,0.005055641509642668,4.119245212907789e-05,0.004029179367878366,1.3801507323503437e-05,0.009504922717842328,-1.9610656472691945e-05,0.01599772082706265,-0.00021446861044394777,0.035971010127036976,1.001453082255468,0.2533022875252234,0.2504186516943465,POSITIVE
0.026934446697219463,0.02692971249200196,0.026995040083671117,0.026995040083671117,0.04144668839829185,0.04145395834843268,0.03727802293978175,0.037276960578778474,0.06233628415943891,0.06233285895322067,4.734205217502008e-06,0.026932079594610712,0.0,0.026995040083671117,-7.269950140824377e-06,0.04145032337336227,1.0623610032789443e-06,0.037277491759280114,3.4252062182452137e-06,0.06233457155632979,0.9998246235000725,0.724154284009723,0.7241749217778695,POSITIVE
0.04987651806642812,0.04987229485354965,0.021981052340696555,0.021981052340696555,0.032499767654932205,0.032507050106797594,0.03310083643823005,0.03309965580367513,0.07378569199921121,0.07378197948389201,4.22321287846944e-06,0.04987440645998889,0.0,0.021981052340696555,-7.282451865389672e-06,0.0325034088808649,1.1806345549189579e-06,0.033100246120952595,3.7125153192069105e-06,0.07378383574155162,0.99977597007975,0.6640633482271476,0.6640870347614686,POSITIVE
0.004880575184366491,0.005272664972674587,0.004078137791194028,0.004208256274643667,0.009456427276704803,0.009803149633768686,0.016448596008118016,0.01648556113604871,0.037490257835485034,0.03715885411305369,-0.00039208978830809673,0.0050766200785205395,-0.00013011848344963908,0.004143197032918848,-0.00034672235706388263,0.009629788455236744,-3.696512793069373e-05,0.016467078572083363,0.00033140372243134486,0.03732455597426936,0.9646315249200432,0.24793227120345604,0.2552692149443806,NEGATIVE
